"USERID","Party"
100000,"Federalists"
100001,"Know_Nothings"
100002,"Know_Nothings"
100003,"Know_Somethings"
100004,"Know_Nothings"
100005,"Know_It_Alls"
100006,"Know_Nothings"
100007,"Know_It_Alls"
100008,"Federalists"
100009,"Know_Somethings"
100010,"Know_Somethings"
100011,"Know_Nothings"
100012,"Federalists"
100013,"Know_Nothings"
100014,"Federalists"
100015,"Know_It_Alls"
100016,"Know_It_Alls"
100017,"Know_It_Alls"
100018,"Know_Nothings"
100019,"Know_It_Alls"
100020,"Know_It_Alls"
100021,"Know_Nothings"
100022,"Know_Nothings"
100023,"Know_Nothings"
100024,"Know_It_Alls"
100025,"Federalists"
100026,"Federalists"
100027,"Federalists"
100028,"Federalists"
100029,"Know_Nothings"
100030,"Federalists"
100031,"Know_Nothings"
100032,"Know_Somethings"
100033,"Know_It_Alls"
100034,"Know_It_Alls"
100035,"Federalists"
100036,"Federalists"
100037,"Know_It_Alls"
100038,"Know_Somethings"
100039,"Federalists"
100040,"Know_Somethings"
100041,"Federalists"
100042,"Know_Nothings"
100043,"Know_Nothings"
100044,"Know_Nothings"
100045,"Federalists"
100046,"Know_It_Alls"
100047,"Know_Nothings"
100048,"Know_It_Alls"
100049,"Federalists"
100050,"Know_Nothings"
100051,"Federalists"
100052,"Know_It_Alls"
100053,"Know_Nothings"
100054,"Federalists"
100055,"Know_It_Alls"
100056,"Know_Somethings"
100057,"Know_Somethings"
100058,"Know_Nothings"
100059,"Know_Nothings"
100060,"Know_Nothings"
100061,"Know_Nothings"
100062,"Know_Nothings"
100063,"Know_Nothings"
100064,"Know_It_Alls"
100065,"Know_Nothings"
100066,"Know_Nothings"
100067,"Know_Nothings"
100068,"Know_It_Alls"
100069,"Know_Nothings"
100070,"Know_It_Alls"
100071,"Know_Somethings"
100072,"Know_Nothings"
100073,"Know_It_Alls"
100074,"Federalists"
100075,"Federalists"
100076,"Know_Nothings"
100077,"Federalists"
100078,"Know_Somethings"
100079,"Know_Somethings"
100080,"Know_Nothings"
100081,"Know_Nothings"
100082,"Federalists"
100083,"Know_Nothings"
100084,"Know_Nothings"
100085,"Know_Nothings"
100086,"Federalists"
100087,"Federalists"
100088,"Federalists"
100089,"Federalists"
100090,"Federalists"
100091,"Know_It_Alls"
100092,"Know_Nothings"
100093,"Know_It_Alls"
100094,"Federalists"
100095,"Know_Nothings"
100096,"Federalists"
100097,"Federalists"
100098,"Know_Nothings"
100099,"Know_It_Alls"
100100,"Know_It_Alls"
100101,"Federalists"
100102,"Federalists"
100103,"Know_It_Alls"
100104,"Know_Nothings"
100105,"Know_It_Alls"
100106,"Know_It_Alls"
100107,"Know_Nothings"
100108,"Know_Nothings"
100109,"Federalists"
100110,"Federalists"
100111,"Federalists"
100112,"Federalists"
100113,"Federalists"
100114,"Know_It_Alls"
100115,"Federalists"
100116,"Federalists"
100117,"Know_Nothings"
100118,"Know_Nothings"
100119,"Know_Somethings"
100120,"Federalists"
100121,"Know_It_Alls"
100122,"Know_Nothings"
100123,"Know_Nothings"
100124,"Federalists"
100125,"Know_Somethings"
100126,"Know_Somethings"
100127,"Know_It_Alls"
100128,"Federalists"
100129,"Know_Nothings"
100130,"Federalists"
100131,"Know_Somethings"
100132,"Know_Nothings"
100133,"Know_It_Alls"
100134,"Know_It_Alls"
100135,"Know_Nothings"
100136,"Know_Nothings"
100137,"Know_Somethings"
100138,"Know_It_Alls"
100139,"Know_It_Alls"
100140,"Know_Nothings"
100141,"Federalists"
100142,"Federalists"
100143,"Know_Nothings"
100144,"Know_It_Alls"
100145,"Know_Nothings"
100146,"Know_Nothings"
100147,"Federalists"
100148,"Know_Nothings"
100149,"Federalists"
100150,"Know_It_Alls"
100151,"Federalists"
100152,"Know_Nothings"
100153,"Know_Nothings"
100154,"Know_Somethings"
100155,"Know_It_Alls"
100156,"Federalists"
100157,"Know_Nothings"
100158,"Know_Somethings"
100159,"Know_It_Alls"
100160,"Know_It_Alls"
100161,"Know_It_Alls"
100162,"Federalists"
100163,"Federalists"
100164,"Know_Nothings"
100165,"Federalists"
100166,"Know_It_Alls"
100167,"Know_It_Alls"
100168,"Know_It_Alls"
100169,"Know_It_Alls"
100170,"Know_Somethings"
100171,"Know_Somethings"
100172,"Federalists"
100173,"Know_It_Alls"
100174,"Know_It_Alls"
100175,"Know_It_Alls"
100176,"Federalists"
100177,"Know_Nothings"
100178,"Know_It_Alls"
100179,"Know_Somethings"
100180,"Federalists"
100181,"Know_Somethings"
100182,"Federalists"
100183,"Know_Nothings"
100184,"Federalists"
100185,"Federalists"
100186,"Federalists"
100187,"Know_It_Alls"
100188,"Know_Nothings"
100189,"Federalists"
100190,"Know_It_Alls"
100191,"Federalists"
100192,"Know_Nothings"
100193,"Know_It_Alls"
100194,"Know_Somethings"
100195,"Know_It_Alls"
100196,"Federalists"
100197,"Know_Somethings"
100198,"Know_Somethings"
100199,"Federalists"
100200,"Know_It_Alls"
100201,"Federalists"
100202,"Know_Nothings"
100203,"Federalists"
100204,"Know_It_Alls"
100205,"Know_It_Alls"
100206,"Federalists"
100207,"Know_Somethings"
100208,"Know_It_Alls"
100209,"Federalists"
100210,"Know_It_Alls"
100211,"Know_Nothings"
100212,"Know_Nothings"
100213,"Know_It_Alls"
100214,"Know_Nothings"
100215,"Federalists"
100216,"Know_It_Alls"
100217,"Federalists"
100218,"Federalists"
100219,"Know_It_Alls"
100220,"Know_It_Alls"
100221,"Federalists"
100222,"Know_Nothings"
100223,"Federalists"
100224,"Know_Nothings"
100225,"Federalists"
100226,"Federalists"
100227,"Know_Nothings"
100228,"Federalists"
100229,"Know_It_Alls"
100230,"Know_Nothings"
100231,"Federalists"
100232,"Federalists"
100233,"Know_Nothings"
100234,"Federalists"
100235,"Know_Nothings"
100236,"Know_Nothings"
100237,"Federalists"
100238,"Federalists"
100239,"Know_Nothings"
100240,"Federalists"
100241,"Know_Somethings"
100242,"Know_Somethings"
100243,"Know_Somethings"
100244,"Know_Nothings"
100245,"Federalists"
100246,"Know_Nothings"
100247,"Know_Nothings"
100248,"Know_Somethings"
100249,"Know_Nothings"
100250,"Know_It_Alls"
100251,"Know_It_Alls"
100252,"Know_Nothings"
100253,"Federalists"
100254,"Federalists"
100255,"Know_Nothings"
100256,"Know_Nothings"
100257,"Federalists"
100258,"Know_Somethings"
100259,"Federalists"
100260,"Federalists"
100261,"Know_It_Alls"
100262,"Know_It_Alls"
100263,"Know_Nothings"
100264,"Know_Nothings"
100265,"Know_Nothings"
100266,"Know_Somethings"
100267,"Know_It_Alls"
100268,"Know_Somethings"
100269,"Know_Somethings"
100270,"Federalists"
100271,"Know_Somethings"
100272,"Know_It_Alls"
100273,"Federalists"
100274,"Know_It_Alls"
100275,"Know_Somethings"
100276,"Federalists"
100277,"Know_Somethings"
100278,"Federalists"
100279,"Know_Nothings"
100280,"Know_It_Alls"
100281,"Know_It_Alls"
100282,"Federalists"
100283,"Know_It_Alls"
100284,"Know_Nothings"
100285,"Know_It_Alls"
100286,"Know_Nothings"
100287,"Federalists"
100288,"Federalists"
100289,"Know_Nothings"
100290,"Federalists"
100291,"Know_Nothings"
100292,"Federalists"
100293,"Know_Nothings"
100294,"Know_It_Alls"
100295,"Know_Nothings"
100296,"Know_Somethings"
100297,"Know_Nothings"
100298,"Federalists"
100299,"Federalists"
100300,"Know_It_Alls"
100301,"Know_Somethings"
100302,"Know_Somethings"
100303,"Know_Nothings"
100304,"Know_Nothings"
100305,"Know_It_Alls"
100306,"Federalists"
100307,"Know_It_Alls"
100308,"Know_It_Alls"
100309,"Know_Nothings"
100310,"Know_Somethings"
100311,"Federalists"
100312,"Know_It_Alls"
100313,"Know_It_Alls"
100314,"Know_It_Alls"
100315,"Federalists"
100316,"Know_It_Alls"
100317,"Federalists"
100318,"Federalists"
100319,"Know_Nothings"
100320,"Know_It_Alls"
100321,"Federalists"
100322,"Know_Nothings"
100323,"Know_Nothings"
100324,"Know_It_Alls"
100325,"Federalists"
100326,"Federalists"
100327,"Federalists"
100328,"Know_Somethings"
100329,"Federalists"
100330,"Know_Nothings"
100331,"Know_Somethings"
100332,"Know_Nothings"
100333,"Know_It_Alls"
100334,"Know_Somethings"
100335,"Know_It_Alls"
100336,"Federalists"
100337,"Federalists"
100338,"Know_Nothings"
100339,"Federalists"
100340,"Federalists"
100341,"Know_Nothings"
100342,"Know_Somethings"
100343,"Know_It_Alls"
100344,"Know_Nothings"
100345,"Federalists"
100346,"Know_It_Alls"
100347,"Federalists"
100348,"Know_Nothings"
100349,"Federalists"
100350,"Know_Nothings"
100351,"Federalists"
100352,"Know_Somethings"
100353,"Know_Nothings"
100354,"Federalists"
100355,"Federalists"
100356,"Federalists"
100357,"Know_Nothings"
100358,"Know_It_Alls"
100359,"Federalists"
100360,"Know_It_Alls"
100361,"Know_Nothings"
100362,"Federalists"
100363,"Know_Nothings"
100364,"Federalists"
100365,"Federalists"
100366,"Know_It_Alls"
100367,"Federalists"
100368,"Know_Nothings"
100369,"Federalists"
100370,"Know_Nothings"
100371,"Know_Nothings"
100372,"Federalists"
100373,"Know_It_Alls"
100374,"Know_Nothings"
100375,"Know_Nothings"
100376,"Know_Somethings"
100377,"Know_Nothings"
100378,"Know_Somethings"
100379,"Federalists"
100380,"Know_It_Alls"
100381,"Know_It_Alls"
100382,"Know_It_Alls"
100383,"Know_It_Alls"
100384,"Know_It_Alls"
100385,"Know_It_Alls"
100386,"Know_Nothings"
100387,"Federalists"
100388,"Know_Somethings"
100389,"Know_It_Alls"
100390,"Federalists"
100391,"Know_It_Alls"
100392,"Know_It_Alls"
100393,"Federalists"
100394,"Federalists"
100395,"Know_It_Alls"
100396,"Federalists"
100397,"Federalists"
100398,"Know_Somethings"
100399,"Federalists"
100400,"Know_It_Alls"
100401,"Know_It_Alls"
100402,"Know_Somethings"
100403,"Know_Nothings"
100404,"Know_It_Alls"
100405,"Federalists"
100406,"Know_Nothings"
100407,"Know_Somethings"
100408,"Know_Nothings"
100409,"Know_It_Alls"
100410,"Federalists"
100411,"Know_Nothings"
100412,"Federalists"
100413,"Know_Nothings"
100414,"Know_Nothings"
100415,"Know_Somethings"
100416,"Know_It_Alls"
100417,"Know_It_Alls"
100418,"Know_It_Alls"
100419,"Federalists"
100420,"Know_Nothings"
100421,"Federalists"
100422,"Know_It_Alls"
100423,"Know_It_Alls"
100424,"Know_Nothings"
100425,"Federalists"
100426,"Federalists"
100427,"Know_Somethings"
100428,"Know_Nothings"
100429,"Know_Nothings"
100430,"Know_It_Alls"
100431,"Know_Somethings"
100432,"Know_Nothings"
100433,"Know_Nothings"
100434,"Know_It_Alls"
100435,"Know_It_Alls"
100436,"Federalists"
100437,"Know_It_Alls"
100438,"Know_Nothings"
100439,"Federalists"
100440,"Federalists"
100441,"Know_It_Alls"
100442,"Know_Nothings"
100443,"Federalists"
100444,"Know_It_Alls"
100445,"Federalists"
100446,"Know_It_Alls"
100447,"Know_Nothings"
100448,"Know_Somethings"
100449,"Know_Somethings"
100450,"Federalists"
100451,"Federalists"
100452,"Know_Nothings"
100453,"Federalists"
100454,"Know_Nothings"
100455,"Federalists"
100456,"Federalists"
100457,"Know_Nothings"
100458,"Know_It_Alls"
100459,"Federalists"
100460,"Federalists"
100461,"Know_Nothings"
100462,"Know_It_Alls"
100463,"Know_It_Alls"
100464,"Know_Nothings"
100465,"Know_Somethings"
100466,"Federalists"
100467,"Know_Nothings"
100468,"Federalists"
100469,"Federalists"
100470,"Know_Nothings"
100471,"Federalists"
100472,"Know_It_Alls"
100473,"Federalists"
100474,"Know_Nothings"
100475,"Know_Nothings"
100476,"Federalists"
100477,"Know_Nothings"
100478,"Federalists"
100479,"Know_Nothings"
100480,"Know_Nothings"
100481,"Know_Nothings"
100482,"Know_It_Alls"
100483,"Know_Nothings"
100484,"Know_Somethings"
100485,"Federalists"
100486,"Know_Nothings"
100487,"Know_It_Alls"
100488,"Know_Nothings"
100489,"Know_It_Alls"
100490,"Federalists"
100491,"Federalists"
100492,"Know_It_Alls"
100493,"Know_Nothings"
100494,"Know_Nothings"
100495,"Federalists"
100496,"Know_Nothings"
100497,"Federalists"
100498,"Know_Nothings"
100499,"Know_Nothings"
100500,"Federalists"
100501,"Federalists"
100502,"Know_Somethings"
100503,"Know_Somethings"
100504,"Know_It_Alls"
100505,"Federalists"
100506,"Federalists"
100507,"Know_Somethings"
100508,"Know_Nothings"
100509,"Federalists"
100510,"Federalists"
100511,"Know_It_Alls"
100512,"Federalists"
100513,"Know_It_Alls"
100514,"Know_Somethings"
100515,"Know_Nothings"
100516,"Federalists"
100517,"Know_It_Alls"
100518,"Federalists"
100519,"Know_Nothings"
100520,"Know_Somethings"
100521,"Federalists"
100522,"Know_Nothings"
100523,"Know_It_Alls"
100524,"Federalists"
100525,"Federalists"
100526,"Know_Somethings"
100527,"Know_Nothings"
100528,"Know_It_Alls"
100529,"Know_It_Alls"
100530,"Know_It_Alls"
100531,"Know_Nothings"
100532,"Know_Nothings"
100533,"Federalists"
100534,"Know_Nothings"
100535,"Federalists"
100536,"Federalists"
100537,"Know_It_Alls"
100538,"Know_Nothings"
100539,"Know_It_Alls"
100540,"Federalists"
100541,"Know_Nothings"
100542,"Federalists"
100543,"Know_Nothings"
100544,"Know_It_Alls"
100545,"Know_It_Alls"
100546,"Know_It_Alls"
100547,"Federalists"
100548,"Know_Somethings"
100549,"Know_It_Alls"
100550,"Federalists"
100551,"Know_It_Alls"
100552,"Federalists"
100553,"Know_Nothings"
100554,"Federalists"
100555,"Federalists"
100556,"Know_Nothings"
100557,"Know_Nothings"
100558,"Know_It_Alls"
100559,"Know_It_Alls"
100560,"Know_Nothings"
100561,"Know_It_Alls"
100562,"Know_Nothings"
100563,"Know_Somethings"
100564,"Know_It_Alls"
100565,"Federalists"
100566,"Know_Nothings"
100567,"Know_It_Alls"
100568,"Know_Nothings"
100569,"Know_It_Alls"
100570,"Know_Nothings"
100571,"Know_Nothings"
100572,"Know_Nothings"
100573,"Federalists"
100574,"Federalists"
100575,"Know_Nothings"
100576,"Know_Somethings"
100577,"Federalists"
100578,"Know_It_Alls"
100579,"Know_Nothings"
100580,"Federalists"
100581,"Federalists"
100582,"Federalists"
100583,"Federalists"
100584,"Know_Nothings"
100585,"Know_Somethings"
100586,"Know_Somethings"
100587,"Know_It_Alls"
100588,"Federalists"
100589,"Federalists"
100590,"Know_It_Alls"
100591,"Know_Somethings"
100592,"Know_Nothings"
100593,"Federalists"
100594,"Know_Somethings"
100595,"Federalists"
100596,"Federalists"
100597,"Know_Nothings"
100598,"Know_Nothings"
100599,"Federalists"
100600,"Federalists"
100601,"Know_Nothings"
100602,"Know_Nothings"
100603,"Know_Nothings"
100604,"Know_It_Alls"
100605,"Federalists"
100606,"Know_It_Alls"
100607,"Know_Nothings"
100608,"Federalists"
100609,"Know_It_Alls"
100610,"Know_It_Alls"
100611,"Know_It_Alls"
100612,"Know_Nothings"
100613,"Know_It_Alls"
100614,"Federalists"
100615,"Know_Nothings"
100616,"Federalists"
100617,"Federalists"
100618,"Know_It_Alls"
100619,"Federalists"
100620,"Know_It_Alls"
100621,"Federalists"
100622,"Know_Somethings"
100623,"Know_It_Alls"
100624,"Know_Nothings"
100625,"Federalists"
100626,"Know_It_Alls"
100627,"Know_Nothings"
100628,"Know_Somethings"
100629,"Know_Somethings"
100630,"Know_Nothings"
100631,"Know_It_Alls"
100632,"Federalists"
100633,"Know_It_Alls"
100634,"Know_It_Alls"
100635,"Federalists"
100636,"Federalists"
100637,"Know_It_Alls"
100638,"Federalists"
100639,"Federalists"
100640,"Know_It_Alls"
100641,"Federalists"
100642,"Know_Nothings"
100643,"Know_Nothings"
100644,"Federalists"
100645,"Know_Nothings"
100646,"Know_It_Alls"
100647,"Know_Somethings"
100648,"Know_It_Alls"
100649,"Know_It_Alls"
100650,"Know_Somethings"
100651,"Federalists"
100652,"Know_Somethings"
100653,"Know_Nothings"
100654,"Know_Somethings"
100655,"Know_It_Alls"
100656,"Know_Nothings"
100657,"Federalists"
100658,"Know_Nothings"
100659,"Federalists"
100660,"Know_Somethings"
100661,"Know_Nothings"
100662,"Know_Somethings"
100663,"Know_Nothings"
100664,"Know_Nothings"
100665,"Know_Nothings"
100666,"Know_It_Alls"
100667,"Know_It_Alls"
100668,"Federalists"
100669,"Federalists"
100670,"Federalists"
100671,"Know_It_Alls"
100672,"Know_It_Alls"
100673,"Know_It_Alls"
100674,"Know_Nothings"
100675,"Know_Nothings"
100676,"Know_Nothings"
100677,"Federalists"
100678,"Federalists"
100679,"Know_It_Alls"
100680,"Know_Nothings"
100681,"Know_Somethings"
100682,"Federalists"
100683,"Know_It_Alls"
100684,"Know_It_Alls"
100685,"Know_Somethings"
100686,"Know_Nothings"
100687,"Know_It_Alls"
100688,"Know_Nothings"
100689,"Federalists"
100690,"Federalists"
100691,"Know_It_Alls"
100692,"Know_Nothings"
100693,"Know_Nothings"
100694,"Federalists"
100695,"Know_Somethings"
100696,"Federalists"
100697,"Know_It_Alls"
100698,"Know_Nothings"
100699,"Federalists"
100700,"Federalists"
100701,"Federalists"
100702,"Federalists"
100703,"Know_Nothings"
100704,"Know_Nothings"
100705,"Know_Nothings"
100706,"Know_It_Alls"
100707,"Federalists"
100708,"Know_Nothings"
100709,"Federalists"
100710,"Know_Nothings"
100711,"Know_It_Alls"
100712,"Know_Nothings"
100713,"Know_Somethings"
100714,"Know_Nothings"
100715,"Know_Nothings"
100716,"Know_Nothings"
100717,"Know_It_Alls"
100718,"Know_Somethings"
100719,"Know_Somethings"
100720,"Federalists"
100721,"Know_Nothings"
100722,"Know_Nothings"
100723,"Federalists"
100724,"Know_Nothings"
100725,"Know_Nothings"
100726,"Know_Nothings"
100727,"Federalists"
100728,"Federalists"
100729,"Federalists"
100730,"Know_It_Alls"
100731,"Know_Somethings"
100732,"Federalists"
100733,"Know_It_Alls"
100734,"Know_Nothings"
100735,"Know_It_Alls"
100736,"Federalists"
100737,"Know_Nothings"
100738,"Know_Somethings"
100739,"Federalists"
100740,"Know_It_Alls"
100741,"Federalists"
100742,"Federalists"
100743,"Know_Nothings"
100744,"Know_Nothings"
100745,"Know_It_Alls"
100746,"Know_Nothings"
100747,"Federalists"
100748,"Federalists"
100749,"Know_Somethings"
100750,"Federalists"
100751,"Know_Nothings"
100752,"Know_It_Alls"
100753,"Federalists"
100754,"Know_Nothings"
100755,"Federalists"
100756,"Know_It_Alls"
100757,"Know_Nothings"
100758,"Know_Nothings"
100759,"Federalists"
100760,"Federalists"
100761,"Know_Nothings"
100762,"Know_Nothings"
100763,"Know_It_Alls"
100764,"Know_It_Alls"
100765,"Know_It_Alls"
100766,"Know_Nothings"
100767,"Know_It_Alls"
100768,"Know_Nothings"
100769,"Federalists"
100770,"Know_It_Alls"
100771,"Federalists"
100772,"Federalists"
100773,"Know_It_Alls"
100774,"Know_Nothings"
100775,"Federalists"
100776,"Know_Nothings"
100777,"Know_It_Alls"
100778,"Know_Nothings"
100779,"Know_It_Alls"
100780,"Federalists"
100781,"Federalists"
100782,"Federalists"
100783,"Know_It_Alls"
100784,"Know_Nothings"
100785,"Know_Nothings"
100786,"Federalists"
100787,"Know_It_Alls"
100788,"Federalists"
100789,"Know_Somethings"
100790,"Federalists"
100791,"Know_Nothings"
100792,"Federalists"
100793,"Know_It_Alls"
100794,"Know_Nothings"
100795,"Know_It_Alls"
100796,"Federalists"
100797,"Know_Nothings"
100798,"Know_It_Alls"
100799,"Know_Somethings"
100800,"Know_It_Alls"
100801,"Know_Nothings"
100802,"Know_Nothings"
100803,"Know_Somethings"
100804,"Federalists"
100805,"Know_It_Alls"
100806,"Know_Nothings"
100807,"Federalists"
100808,"Federalists"
100809,"Federalists"
100810,"Federalists"
100811,"Know_Nothings"
100812,"Know_Nothings"
100813,"Know_Nothings"
100814,"Federalists"
100815,"Know_Nothings"
100816,"Federalists"
100817,"Know_It_Alls"
100818,"Know_Nothings"
100819,"Know_Nothings"
100820,"Federalists"
100821,"Know_Somethings"
100822,"Know_It_Alls"
100823,"Know_Nothings"
100824,"Know_Nothings"
100825,"Know_Somethings"
100826,"Federalists"
100827,"Federalists"
100828,"Know_Nothings"
100829,"Know_Nothings"
100830,"Know_Nothings"
100831,"Federalists"
100832,"Know_Nothings"
100833,"Know_Somethings"
100834,"Know_It_Alls"
100835,"Know_Nothings"
100836,"Federalists"
100837,"Know_Somethings"
100838,"Federalists"
100839,"Federalists"
100840,"Know_Nothings"
100841,"Federalists"
100842,"Federalists"
100843,"Federalists"
100844,"Know_Nothings"
100845,"Federalists"
100846,"Know_Nothings"
100847,"Know_It_Alls"
100848,"Federalists"
100849,"Federalists"
100850,"Know_Nothings"
100851,"Know_Somethings"
100852,"Know_It_Alls"
100853,"Federalists"
100854,"Federalists"
100855,"Know_Nothings"
100856,"Federalists"
100857,"Know_Nothings"
100858,"Know_Somethings"
100859,"Know_Nothings"
100860,"Know_It_Alls"
100861,"Know_Somethings"
100862,"Know_It_Alls"
100863,"Federalists"
100864,"Know_Nothings"
100865,"Know_Nothings"
100866,"Know_Nothings"
100867,"Know_It_Alls"
100868,"Know_Somethings"
100869,"Federalists"
100870,"Know_Somethings"
100871,"Know_It_Alls"
100872,"Know_Nothings"
100873,"Know_Nothings"
100874,"Federalists"
100875,"Know_Somethings"
100876,"Know_Somethings"
100877,"Know_It_Alls"
100878,"Know_Nothings"
100879,"Know_It_Alls"
100880,"Know_Nothings"
100881,"Federalists"
100882,"Know_Nothings"
100883,"Federalists"
100884,"Know_Nothings"
100885,"Know_It_Alls"
100886,"Federalists"
100887,"Federalists"
100888,"Know_Somethings"
100889,"Know_Nothings"
100890,"Know_Nothings"
100891,"Know_Nothings"
100892,"Know_Nothings"
100893,"Federalists"
100894,"Federalists"
100895,"Federalists"
100896,"Know_Nothings"
100897,"Federalists"
100898,"Know_It_Alls"
100899,"Know_It_Alls"
100900,"Know_Nothings"
100901,"Know_Nothings"
100902,"Know_Somethings"
100903,"Federalists"
100904,"Federalists"
100905,"Federalists"
100906,"Know_Nothings"
100907,"Federalists"
100908,"Federalists"
100909,"Know_Somethings"
100910,"Federalists"
100911,"Know_Somethings"
100912,"Federalists"
100913,"Know_It_Alls"
100914,"Know_Nothings"
100915,"Know_Nothings"
100916,"Federalists"
100917,"Know_Somethings"
100918,"Know_It_Alls"
100919,"Federalists"
100920,"Know_Somethings"
100921,"Know_Nothings"
100922,"Know_It_Alls"
100923,"Know_Somethings"
100924,"Know_It_Alls"
100925,"Federalists"
100926,"Federalists"
100927,"Federalists"
100928,"Know_It_Alls"
100929,"Federalists"
100930,"Know_Nothings"
100931,"Know_Somethings"
100932,"Know_Nothings"
100933,"Know_Somethings"
100934,"Know_Nothings"
100935,"Federalists"
100936,"Know_It_Alls"
100937,"Know_It_Alls"
100938,"Federalists"
100939,"Know_Nothings"
100940,"Federalists"
100941,"Know_Somethings"
100942,"Know_Somethings"
100943,"Federalists"
100944,"Federalists"
100945,"Know_It_Alls"
100946,"Know_It_Alls"
100947,"Know_Nothings"
100948,"Federalists"
100949,"Federalists"
100950,"Know_It_Alls"
100951,"Know_It_Alls"
100952,"Know_It_Alls"
100953,"Federalists"
100954,"Know_Somethings"
100955,"Know_It_Alls"
100956,"Know_Nothings"
100957,"Know_Somethings"
100958,"Know_Somethings"
100959,"Know_Nothings"
100960,"Know_Somethings"
100961,"Know_Nothings"
100962,"Federalists"
100963,"Know_Somethings"
100964,"Federalists"
100965,"Know_Nothings"
100966,"Know_It_Alls"
100967,"Know_Nothings"
100968,"Federalists"
100969,"Federalists"
100970,"Know_Nothings"
100971,"Federalists"
100972,"Federalists"
100973,"Know_It_Alls"
100974,"Know_It_Alls"
100975,"Federalists"
100976,"Federalists"
100977,"Know_It_Alls"
100978,"Federalists"
100979,"Know_Nothings"
100980,"Know_Nothings"
100981,"Know_Nothings"
100982,"Federalists"
100983,"Federalists"
100984,"Know_Nothings"
100985,"Know_It_Alls"
100986,"Federalists"
100987,"Know_It_Alls"
100988,"Know_It_Alls"
100989,"Know_It_Alls"
100990,"Know_Nothings"
100991,"Know_Nothings"
100992,"Federalists"
100993,"Federalists"
100994,"Federalists"
100995,"Federalists"
100996,"Federalists"
100997,"Know_It_Alls"
100998,"Federalists"
100999,"Know_It_Alls"
101000,"Know_Nothings"
101001,"Know_Nothings"
101002,"Know_Nothings"
101003,"Know_Nothings"
101004,"Know_Somethings"
101005,"Know_Somethings"
101006,"Federalists"
101007,"Know_Nothings"
101008,"Federalists"
101009,"Federalists"
101010,"Know_It_Alls"
101011,"Know_Nothings"
101012,"Know_Somethings"
101013,"Federalists"
101014,"Know_Nothings"
101015,"Know_Nothings"
101016,"Know_Somethings"
101017,"Know_It_Alls"
101018,"Know_It_Alls"
101019,"Know_Somethings"
101020,"Know_It_Alls"
101021,"Know_Nothings"
101022,"Know_Nothings"
101023,"Know_Nothings"
101024,"Federalists"
101025,"Know_Nothings"
101026,"Federalists"
101027,"Know_It_Alls"
101028,"Federalists"
101029,"Know_Nothings"
101030,"Know_It_Alls"
101031,"Federalists"
101032,"Know_Nothings"
101033,"Know_Somethings"
101034,"Know_Nothings"
101035,"Federalists"
101036,"Know_Somethings"
101037,"Know_It_Alls"
101038,"Know_It_Alls"
101039,"Know_Nothings"
101040,"Know_Nothings"
101041,"Know_Nothings"
101042,"Federalists"
101043,"Know_Somethings"
101044,"Know_Nothings"
101045,"Know_It_Alls"
101046,"Know_Somethings"
101047,"Federalists"
101048,"Know_Nothings"
101049,"Know_It_Alls"
101050,"Know_Nothings"
101051,"Know_It_Alls"
101052,"Federalists"
101053,"Federalists"
101054,"Know_It_Alls"
101055,"Know_Nothings"
101056,"Federalists"
101057,"Federalists"
101058,"Federalists"
101059,"Know_Nothings"
101060,"Know_Nothings"
101061,"Know_It_Alls"
101062,"Know_Nothings"
101063,"Know_It_Alls"
101064,"Know_Nothings"
101065,"Know_It_Alls"
101066,"Know_Nothings"
101067,"Federalists"
101068,"Federalists"
101069,"Federalists"
101070,"Know_It_Alls"
101071,"Know_Nothings"
101072,"Know_Nothings"
101073,"Know_Nothings"
101074,"Know_Nothings"
101075,"Know_It_Alls"
101076,"Know_It_Alls"
101077,"Know_Nothings"
101078,"Know_Somethings"
101079,"Know_Nothings"
101080,"Know_Somethings"
101081,"Know_It_Alls"
101082,"Know_Nothings"
101083,"Know_It_Alls"
101084,"Know_It_Alls"
101085,"Know_Nothings"
101086,"Know_Nothings"
101087,"Know_Nothings"
101088,"Federalists"
101089,"Federalists"
101090,"Federalists"
101091,"Know_Nothings"
101092,"Federalists"
101093,"Know_It_Alls"
101094,"Federalists"
101095,"Federalists"
101096,"Federalists"
101097,"Federalists"
101098,"Know_It_Alls"
101099,"Federalists"
101100,"Know_Somethings"
101101,"Know_Nothings"
101102,"Federalists"
101103,"Know_Nothings"
101104,"Know_Nothings"
101105,"Know_Nothings"
101106,"Know_Nothings"
101107,"Know_Somethings"
101108,"Know_Nothings"
101109,"Know_Somethings"
101110,"Know_It_Alls"
101111,"Know_Somethings"
101112,"Know_It_Alls"
101113,"Know_Somethings"
101114,"Federalists"
101115,"Know_It_Alls"
101116,"Federalists"
101117,"Know_It_Alls"
101118,"Federalists"
101119,"Federalists"
101120,"Know_It_Alls"
101121,"Know_It_Alls"
101122,"Know_Nothings"
101123,"Know_Somethings"
101124,"Know_Nothings"
101125,"Know_Nothings"
101126,"Federalists"
101127,"Know_Somethings"
101128,"Federalists"
101129,"Know_Nothings"
101130,"Know_Nothings"
101131,"Federalists"
101132,"Know_Nothings"
101133,"Federalists"
101134,"Know_Nothings"
101135,"Federalists"
101136,"Know_Nothings"
101137,"Know_It_Alls"
101138,"Know_It_Alls"
101139,"Federalists"
101140,"Federalists"
101141,"Federalists"
101142,"Know_Nothings"
101143,"Know_Nothings"
101144,"Know_It_Alls"
101145,"Know_Nothings"
101146,"Know_Nothings"
101147,"Know_Nothings"
101148,"Know_It_Alls"
101149,"Federalists"
101150,"Know_Nothings"
101151,"Know_Somethings"
101152,"Federalists"
101153,"Federalists"
101154,"Know_It_Alls"
101155,"Know_Somethings"
101156,"Know_It_Alls"
101157,"Know_Nothings"
101158,"Know_It_Alls"
101159,"Federalists"
101160,"Know_It_Alls"
101161,"Know_Somethings"
101162,"Know_Nothings"
101163,"Know_Somethings"
101164,"Know_Nothings"
101165,"Federalists"
101166,"Know_Nothings"
101167,"Know_Nothings"
101168,"Know_Nothings"
101169,"Know_Somethings"
101170,"Know_Somethings"
101171,"Federalists"
101172,"Federalists"
101173,"Know_Somethings"
101174,"Know_Nothings"
101175,"Know_Nothings"
101176,"Federalists"
101177,"Know_It_Alls"
101178,"Know_Nothings"
101179,"Federalists"
101180,"Know_Nothings"
101181,"Know_Somethings"
101182,"Know_It_Alls"
101183,"Know_Nothings"
101184,"Know_It_Alls"
101185,"Know_Nothings"
101186,"Know_Nothings"
101187,"Know_Nothings"
101188,"Know_It_Alls"
101189,"Know_Nothings"
101190,"Know_Nothings"
101191,"Know_It_Alls"
101192,"Federalists"
101193,"Know_Nothings"
101194,"Know_Somethings"
101195,"Know_It_Alls"
101196,"Know_Nothings"
101197,"Know_Nothings"
101198,"Know_Somethings"
101199,"Federalists"
101200,"Federalists"
101201,"Federalists"
101202,"Federalists"
101203,"Federalists"
101204,"Know_It_Alls"
101205,"Know_It_Alls"
101206,"Know_Nothings"
101207,"Federalists"
101208,"Know_Nothings"
101209,"Federalists"
101210,"Federalists"
101211,"Know_It_Alls"
101212,"Federalists"
101213,"Know_It_Alls"
101214,"Know_Nothings"
101215,"Know_Somethings"
101216,"Know_It_Alls"
101217,"Know_Nothings"
101218,"Federalists"
101219,"Know_It_Alls"
101220,"Know_It_Alls"
101221,"Know_It_Alls"
101222,"Know_Nothings"
101223,"Federalists"
101224,"Federalists"
101225,"Know_Nothings"
101226,"Know_Nothings"
101227,"Know_Somethings"
101228,"Know_Nothings"
101229,"Know_Nothings"
101230,"Know_Nothings"
101231,"Federalists"
101232,"Federalists"
101233,"Know_Nothings"
101234,"Know_Somethings"
101235,"Know_It_Alls"
101236,"Know_Nothings"
101237,"Know_Somethings"
101238,"Know_It_Alls"
101239,"Know_Nothings"
101240,"Know_Nothings"
101241,"Know_Somethings"
101242,"Know_It_Alls"
101243,"Federalists"
101244,"Know_Nothings"
101245,"Know_Nothings"
101246,"Know_It_Alls"
101247,"Know_It_Alls"
101248,"Federalists"
101249,"Federalists"
101250,"Know_Nothings"
101251,"Know_Somethings"
101252,"Know_Nothings"
101253,"Know_Somethings"
101254,"Federalists"
101255,"Know_It_Alls"
101256,"Know_Nothings"
101257,"Federalists"
101258,"Know_Nothings"
101259,"Federalists"
101260,"Know_Nothings"
101261,"Know_Nothings"
101262,"Know_Nothings"
101263,"Federalists"
101264,"Know_It_Alls"
101265,"Know_Nothings"
101266,"Know_It_Alls"
101267,"Know_Nothings"
101268,"Know_It_Alls"
101269,"Know_Nothings"
101270,"Know_Nothings"
101271,"Know_It_Alls"
101272,"Know_Nothings"
101273,"Know_Somethings"
101274,"Federalists"
101275,"Know_Nothings"
101276,"Know_Nothings"
101277,"Know_It_Alls"
101278,"Know_It_Alls"
101279,"Federalists"
101280,"Know_Somethings"
101281,"Know_Nothings"
101282,"Federalists"
101283,"Federalists"
101284,"Federalists"
101285,"Know_Nothings"
101286,"Know_It_Alls"
101287,"Know_Nothings"
101288,"Know_Nothings"
101289,"Federalists"
101290,"Know_Nothings"
101291,"Know_Nothings"
101292,"Know_Nothings"
101293,"Know_Nothings"
101294,"Know_It_Alls"
101295,"Know_Somethings"
101296,"Federalists"
101297,"Federalists"
101298,"Know_It_Alls"
101299,"Know_Somethings"
101300,"Know_Nothings"
101301,"Federalists"
101302,"Know_Somethings"
101303,"Federalists"
101304,"Federalists"
101305,"Federalists"
101306,"Know_Nothings"
101307,"Federalists"
101308,"Know_It_Alls"
101309,"Federalists"
101310,"Federalists"
101311,"Know_It_Alls"
101312,"Know_Somethings"
101313,"Know_It_Alls"
101314,"Federalists"
101315,"Federalists"
101316,"Federalists"
101317,"Know_Nothings"
101318,"Federalists"
101319,"Know_Somethings"
101320,"Know_Nothings"
101321,"Know_It_Alls"
101322,"Federalists"
101323,"Know_Somethings"
101324,"Know_Nothings"
101325,"Federalists"
101326,"Know_Nothings"
101327,"Know_Nothings"
101328,"Know_It_Alls"
101329,"Federalists"
101330,"Know_It_Alls"
101331,"Federalists"
101332,"Federalists"
101333,"Know_Nothings"
101334,"Know_Nothings"
101335,"Federalists"
101336,"Federalists"
101337,"Federalists"
101338,"Know_Nothings"
101339,"Know_Nothings"
101340,"Know_Nothings"
101341,"Know_It_Alls"
101342,"Know_Nothings"
101343,"Know_Nothings"
101344,"Federalists"
101345,"Know_Somethings"
101346,"Federalists"
101347,"Federalists"
101348,"Know_Nothings"
101349,"Know_It_Alls"
101350,"Know_Nothings"
101351,"Federalists"
101352,"Know_Somethings"
101353,"Federalists"
101354,"Know_Nothings"
101355,"Federalists"
101356,"Federalists"
101357,"Federalists"
101358,"Know_Nothings"
101359,"Know_Nothings"
101360,"Know_It_Alls"
101361,"Know_It_Alls"
101362,"Federalists"
101363,"Know_Nothings"
101364,"Federalists"
101365,"Know_Nothings"
101366,"Know_It_Alls"
101367,"Know_It_Alls"
101368,"Know_It_Alls"
101369,"Federalists"
101370,"Know_Nothings"
101371,"Federalists"
101372,"Federalists"
101373,"Know_It_Alls"
101374,"Know_Nothings"
101375,"Federalists"
101376,"Federalists"
101377,"Federalists"
101378,"Know_Somethings"
101379,"Federalists"
101380,"Know_It_Alls"
101381,"Know_Nothings"
101382,"Know_Nothings"
101383,"Federalists"
101384,"Know_Nothings"
101385,"Federalists"
101386,"Know_Nothings"
101387,"Federalists"
101388,"Know_It_Alls"
101389,"Federalists"
101390,"Federalists"
101391,"Know_It_Alls"
101392,"Federalists"
101393,"Know_Nothings"
101394,"Federalists"
101395,"Federalists"
101396,"Know_Nothings"
101397,"Know_Somethings"
101398,"Federalists"
101399,"Federalists"
101400,"Federalists"
101401,"Federalists"
101402,"Know_It_Alls"
101403,"Know_Somethings"
101404,"Federalists"
101405,"Know_It_Alls"
101406,"Federalists"
101407,"Federalists"
101408,"Federalists"
101409,"Federalists"
101410,"Know_Nothings"
101411,"Know_It_Alls"
101412,"Know_It_Alls"
101413,"Know_Nothings"
101414,"Federalists"
101415,"Know_Nothings"
101416,"Know_Nothings"
101417,"Know_Somethings"
101418,"Know_Nothings"
101419,"Federalists"
101420,"Know_Somethings"
101421,"Know_It_Alls"
101422,"Federalists"
101423,"Know_It_Alls"
101424,"Know_It_Alls"
101425,"Know_Nothings"
101426,"Know_Nothings"
101427,"Know_It_Alls"
101428,"Know_Somethings"
101429,"Know_It_Alls"
101430,"Know_Somethings"
101431,"Know_Nothings"
101432,"Know_Nothings"
101433,"Know_It_Alls"
101434,"Federalists"
101435,"Know_Nothings"
101436,"Know_Nothings"
101437,"Know_Nothings"
101438,"Know_It_Alls"
101439,"Know_It_Alls"
101440,"Know_Nothings"
101441,"Know_It_Alls"
101442,"Know_It_Alls"
101443,"Federalists"
101444,"Federalists"
101445,"Know_Nothings"
101446,"Know_Nothings"
101447,"Know_It_Alls"
101448,"Know_Nothings"
101449,"Federalists"
101450,"Know_Nothings"
101451,"Know_Nothings"
101452,"Know_Nothings"
101453,"Federalists"
101454,"Know_Nothings"
101455,"Know_It_Alls"
101456,"Know_It_Alls"
101457,"Federalists"
101458,"Know_Somethings"
101459,"Federalists"
101460,"Know_Somethings"
101461,"Federalists"
101462,"Federalists"
101463,"Know_Nothings"
101464,"Federalists"
101465,"Federalists"
101466,"Federalists"
101467,"Federalists"
101468,"Know_Nothings"
101469,"Know_Nothings"
101470,"Know_Nothings"
101471,"Know_It_Alls"
101472,"Know_Nothings"
101473,"Federalists"
101474,"Know_Nothings"
101475,"Know_It_Alls"
101476,"Know_It_Alls"
101477,"Know_Nothings"
101478,"Know_Somethings"
101479,"Know_Nothings"
101480,"Know_Somethings"
101481,"Know_Nothings"
101482,"Know_It_Alls"
101483,"Know_Somethings"
101484,"Know_Nothings"
101485,"Federalists"
101486,"Know_Nothings"
101487,"Know_It_Alls"
101488,"Federalists"
101489,"Know_Nothings"
101490,"Know_Nothings"
101491,"Know_Nothings"
101492,"Know_Nothings"
101493,"Know_Nothings"
101494,"Know_It_Alls"
101495,"Know_It_Alls"
101496,"Federalists"
101497,"Know_Nothings"
101498,"Federalists"
101499,"Know_It_Alls"
101500,"Know_Somethings"
101501,"Know_Nothings"
101502,"Know_Nothings"
101503,"Federalists"
101504,"Federalists"
101505,"Know_It_Alls"
101506,"Know_It_Alls"
101507,"Know_It_Alls"
101508,"Know_Nothings"
101509,"Federalists"
101510,"Know_It_Alls"
101511,"Know_Nothings"
101512,"Know_Nothings"
101513,"Know_Nothings"
101514,"Know_Nothings"
101515,"Know_Nothings"
101516,"Know_Nothings"
101517,"Federalists"
101518,"Know_Nothings"
101519,"Federalists"
101520,"Federalists"
101521,"Federalists"
101522,"Know_It_Alls"
101523,"Federalists"
101524,"Federalists"
101525,"Know_Somethings"
101526,"Know_It_Alls"
101527,"Federalists"
101528,"Know_Nothings"
101529,"Know_Nothings"
101530,"Know_Nothings"
101531,"Federalists"
101532,"Know_Nothings"
101533,"Know_Nothings"
101534,"Know_It_Alls"
101535,"Know_Somethings"
101536,"Know_Nothings"
101537,"Federalists"
101538,"Know_Nothings"
101539,"Know_Nothings"
101540,"Know_It_Alls"
101541,"Know_Nothings"
101542,"Know_Nothings"
101543,"Know_Somethings"
101544,"Federalists"
101545,"Know_Somethings"
101546,"Know_Nothings"
101547,"Federalists"
101548,"Know_It_Alls"
101549,"Federalists"
101550,"Know_It_Alls"
101551,"Federalists"
101552,"Know_Somethings"
101553,"Know_It_Alls"
101554,"Know_Somethings"
101555,"Federalists"
101556,"Federalists"
101557,"Federalists"
101558,"Federalists"
101559,"Federalists"
101560,"Know_Nothings"
101561,"Know_Nothings"
101562,"Federalists"
101563,"Know_Nothings"
101564,"Know_Somethings"
101565,"Know_Somethings"
101566,"Know_Nothings"
101567,"Know_Somethings"
101568,"Know_Nothings"
101569,"Know_Somethings"
101570,"Know_Nothings"
101571,"Federalists"
101572,"Know_Nothings"
101573,"Know_Nothings"
101574,"Federalists"
101575,"Know_It_Alls"
101576,"Know_Nothings"
101577,"Know_It_Alls"
101578,"Know_It_Alls"
101579,"Federalists"
101580,"Federalists"
101581,"Know_Somethings"
101582,"Know_It_Alls"
101583,"Know_It_Alls"
101584,"Federalists"
101585,"Know_Nothings"
101586,"Know_Nothings"
101587,"Know_Nothings"
101588,"Know_Somethings"
101589,"Know_Somethings"
101590,"Know_It_Alls"
101591,"Know_Nothings"
101592,"Know_Nothings"
101593,"Know_It_Alls"
101594,"Know_It_Alls"
101595,"Federalists"
101596,"Federalists"
101597,"Know_It_Alls"
101598,"Know_Somethings"
101599,"Know_Nothings"
101600,"Know_It_Alls"
101601,"Know_It_Alls"
101602,"Know_Somethings"
101603,"Know_It_Alls"
101604,"Know_It_Alls"
101605,"Federalists"
101606,"Federalists"
101607,"Federalists"
101608,"Know_Nothings"
101609,"Federalists"
101610,"Know_It_Alls"
101611,"Know_Nothings"
101612,"Federalists"
101613,"Know_Somethings"
101614,"Know_Nothings"
101615,"Federalists"
101616,"Know_Nothings"
101617,"Know_It_Alls"
101618,"Know_Somethings"
101619,"Federalists"
101620,"Federalists"
101621,"Know_Nothings"
101622,"Federalists"
101623,"Know_Nothings"
101624,"Federalists"
101625,"Know_Nothings"
101626,"Federalists"
101627,"Know_It_Alls"
101628,"Federalists"
101629,"Know_It_Alls"
101630,"Federalists"
101631,"Know_Nothings"
101632,"Know_Nothings"
101633,"Know_It_Alls"
101634,"Federalists"
101635,"Federalists"
101636,"Know_Nothings"
101637,"Know_It_Alls"
101638,"Know_Nothings"
101639,"Know_Nothings"
101640,"Federalists"
101641,"Federalists"
101642,"Know_Somethings"
101643,"Know_Nothings"
101644,"Federalists"
101645,"Federalists"
101646,"Know_It_Alls"
101647,"Know_Somethings"
101648,"Know_Nothings"
101649,"Federalists"
101650,"Federalists"
101651,"Know_It_Alls"
101652,"Federalists"
101653,"Know_Nothings"
101654,"Know_Nothings"
101655,"Federalists"
101656,"Know_Nothings"
101657,"Know_Nothings"
101658,"Know_It_Alls"
101659,"Know_Somethings"
101660,"Federalists"
101661,"Know_Somethings"
101662,"Know_Nothings"
101663,"Know_Nothings"
101664,"Know_It_Alls"
101665,"Federalists"
101666,"Know_Somethings"
101667,"Know_It_Alls"
101668,"Know_It_Alls"
101669,"Know_It_Alls"
101670,"Know_Somethings"
101671,"Federalists"
101672,"Federalists"
101673,"Know_Nothings"
101674,"Federalists"
101675,"Know_It_Alls"
101676,"Federalists"
101677,"Know_It_Alls"
101678,"Federalists"
101679,"Federalists"
101680,"Federalists"
101681,"Know_It_Alls"
101682,"Federalists"
101683,"Know_It_Alls"
101684,"Know_It_Alls"
101685,"Know_It_Alls"
101686,"Federalists"
101687,"Know_Nothings"
101688,"Know_Nothings"
101689,"Know_It_Alls"
101690,"Know_Nothings"
101691,"Federalists"
101692,"Federalists"
101693,"Federalists"
101694,"Federalists"
101695,"Federalists"
101696,"Federalists"
101697,"Know_Somethings"
101698,"Know_It_Alls"
101699,"Know_It_Alls"
101700,"Federalists"
101701,"Federalists"
101702,"Know_Nothings"
101703,"Federalists"
101704,"Know_Nothings"
101705,"Know_Nothings"
101706,"Know_It_Alls"
101707,"Federalists"
101708,"Know_Nothings"
101709,"Know_Nothings"
101710,"Know_Nothings"
101711,"Federalists"
101712,"Know_Nothings"
101713,"Federalists"
101714,"Federalists"
101715,"Know_Nothings"
101716,"Federalists"
101717,"Federalists"
101718,"Federalists"
101719,"Know_It_Alls"
101720,"Know_Nothings"
101721,"Know_Nothings"
101722,"Federalists"
101723,"Know_Nothings"
101724,"Federalists"
101725,"Know_Nothings"
101726,"Federalists"
101727,"Know_Nothings"
101728,"Federalists"
101729,"Know_Nothings"
101730,"Know_Somethings"
101731,"Know_It_Alls"
101732,"Federalists"
101733,"Know_Nothings"
101734,"Know_Somethings"
101735,"Know_It_Alls"
101736,"Federalists"
101737,"Federalists"
101738,"Federalists"
101739,"Know_It_Alls"
101740,"Know_Somethings"
101741,"Federalists"
101742,"Know_Somethings"
101743,"Know_It_Alls"
101744,"Federalists"
101745,"Know_It_Alls"
101746,"Know_Nothings"
101747,"Know_It_Alls"
101748,"Know_Nothings"
101749,"Know_It_Alls"
101750,"Know_Nothings"
101751,"Know_It_Alls"
101752,"Know_It_Alls"
101753,"Know_Nothings"
101754,"Know_It_Alls"
101755,"Know_Somethings"
101756,"Know_Nothings"
101757,"Know_Somethings"
101758,"Federalists"
101759,"Know_Nothings"
101760,"Federalists"
101761,"Know_Nothings"
101762,"Know_Somethings"
101763,"Federalists"
101764,"Federalists"
101765,"Know_Somethings"
101766,"Federalists"
101767,"Know_Somethings"
101768,"Federalists"
101769,"Federalists"
101770,"Know_It_Alls"
101771,"Know_Nothings"
101772,"Know_It_Alls"
101773,"Know_Somethings"
101774,"Know_Nothings"
101775,"Federalists"
101776,"Know_It_Alls"
101777,"Federalists"
101778,"Know_It_Alls"
101779,"Federalists"
101780,"Know_It_Alls"
101781,"Federalists"
101782,"Know_Somethings"
101783,"Federalists"
101784,"Federalists"
101785,"Know_It_Alls"
101786,"Federalists"
101787,"Federalists"
101788,"Know_Nothings"
101789,"Federalists"
101790,"Federalists"
101791,"Federalists"
101792,"Know_It_Alls"
101793,"Know_It_Alls"
101794,"Know_Nothings"
101795,"Know_Nothings"
101796,"Federalists"
101797,"Federalists"
101798,"Know_Nothings"
101799,"Know_It_Alls"
101800,"Know_Nothings"
101801,"Know_Somethings"
101802,"Know_Nothings"
101803,"Federalists"
101804,"Know_Somethings"
101805,"Know_Nothings"
101806,"Know_It_Alls"
101807,"Know_Nothings"
101808,"Know_Nothings"
101809,"Know_It_Alls"
101810,"Federalists"
101811,"Know_Nothings"
101812,"Know_Nothings"
101813,"Know_Somethings"
101814,"Know_Nothings"
101815,"Know_It_Alls"
101816,"Federalists"
101817,"Know_It_Alls"
101818,"Know_It_Alls"
101819,"Know_Somethings"
101820,"Know_Nothings"
101821,"Federalists"
101822,"Federalists"
101823,"Federalists"
101824,"Federalists"
101825,"Federalists"
101826,"Federalists"
101827,"Know_Nothings"
101828,"Federalists"
101829,"Federalists"
101830,"Know_It_Alls"
101831,"Know_It_Alls"
101832,"Know_Nothings"
101833,"Know_Somethings"
101834,"Know_Somethings"
101835,"Federalists"
101836,"Federalists"
101837,"Know_Nothings"
101838,"Know_Somethings"
101839,"Know_Somethings"
101840,"Know_Somethings"
101841,"Know_Nothings"
101842,"Federalists"
101843,"Know_Nothings"
101844,"Federalists"
101845,"Know_It_Alls"
101846,"Federalists"
101847,"Federalists"
101848,"Federalists"
101849,"Know_Nothings"
101850,"Federalists"
101851,"Federalists"
101852,"Know_Somethings"
101853,"Know_Nothings"
101854,"Know_Nothings"
101855,"Know_Nothings"
101856,"Know_Nothings"
101857,"Know_It_Alls"
101858,"Federalists"
101859,"Know_It_Alls"
101860,"Know_It_Alls"
101861,"Know_Nothings"
101862,"Know_Nothings"
101863,"Know_It_Alls"
101864,"Know_Somethings"
101865,"Know_Nothings"
101866,"Federalists"
101867,"Know_Nothings"
101868,"Know_Nothings"
101869,"Federalists"
101870,"Federalists"
101871,"Know_Nothings"
101872,"Federalists"
101873,"Know_Nothings"
101874,"Know_Somethings"
101875,"Federalists"
101876,"Federalists"
101877,"Know_Nothings"
101878,"Know_Somethings"
101879,"Know_Nothings"
101880,"Federalists"
101881,"Know_Nothings"
101882,"Federalists"
101883,"Know_Somethings"
101884,"Know_Nothings"
101885,"Know_Somethings"
101886,"Know_Nothings"
101887,"Know_Somethings"
101888,"Know_Somethings"
101889,"Federalists"
101890,"Know_Somethings"
101891,"Know_It_Alls"
101892,"Know_It_Alls"
101893,"Know_Somethings"
101894,"Know_It_Alls"
101895,"Know_It_Alls"
101896,"Know_It_Alls"
101897,"Know_Somethings"
101898,"Know_Nothings"
101899,"Federalists"
101900,"Federalists"
101901,"Know_It_Alls"
101902,"Know_Somethings"
101903,"Know_It_Alls"
101904,"Know_Nothings"
101905,"Know_Nothings"
101906,"Know_Nothings"
101907,"Know_Nothings"
101908,"Know_Somethings"
101909,"Federalists"
101910,"Know_It_Alls"
101911,"Know_It_Alls"
101912,"Know_It_Alls"
101913,"Federalists"
101914,"Federalists"
101915,"Know_Somethings"
101916,"Know_It_Alls"
101917,"Know_It_Alls"
101918,"Federalists"
101919,"Know_It_Alls"
101920,"Know_Somethings"
101921,"Know_Somethings"
101922,"Know_Nothings"
101923,"Know_It_Alls"
101924,"Federalists"
101925,"Know_Nothings"
101926,"Federalists"
101927,"Know_Nothings"
101928,"Federalists"
101929,"Federalists"
101930,"Know_Nothings"
101931,"Federalists"
101932,"Know_It_Alls"
101933,"Know_Nothings"
101934,"Federalists"
101935,"Know_Nothings"
101936,"Know_It_Alls"
101937,"Know_Nothings"
101938,"Federalists"
101939,"Federalists"
101940,"Know_It_Alls"
101941,"Know_Nothings"
101942,"Know_It_Alls"
101943,"Federalists"
101944,"Know_Nothings"
101945,"Know_Somethings"
101946,"Know_Nothings"
101947,"Federalists"
101948,"Federalists"
101949,"Know_Nothings"
101950,"Federalists"
101951,"Know_It_Alls"
101952,"Know_Nothings"
101953,"Know_Somethings"
101954,"Know_Nothings"
101955,"Know_Nothings"
101956,"Know_It_Alls"
101957,"Know_Nothings"
101958,"Know_It_Alls"
101959,"Know_Somethings"
101960,"Know_Nothings"
101961,"Federalists"
101962,"Know_It_Alls"
101963,"Federalists"
101964,"Know_Nothings"
101965,"Federalists"
101966,"Know_Nothings"
101967,"Federalists"
101968,"Know_Nothings"
101969,"Know_It_Alls"
101970,"Know_Nothings"
101971,"Know_It_Alls"
101972,"Know_Nothings"
101973,"Know_It_Alls"
101974,"Federalists"
101975,"Federalists"
101976,"Know_Nothings"
101977,"Federalists"
101978,"Know_Nothings"
101979,"Federalists"
101980,"Federalists"
101981,"Know_Somethings"
101982,"Know_It_Alls"
101983,"Federalists"
101984,"Know_Nothings"
101985,"Know_It_Alls"
101986,"Know_Nothings"
101987,"Know_Nothings"
101988,"Know_Somethings"
101989,"Federalists"
101990,"Federalists"
101991,"Federalists"
101992,"Federalists"
101993,"Know_It_Alls"
101994,"Federalists"
101995,"Federalists"
101996,"Federalists"
101997,"Know_Nothings"
101998,"Know_It_Alls"
101999,"Know_Nothings"
102000,"Know_Nothings"
102001,"Know_Nothings"
102002,"Know_It_Alls"
102003,"Know_It_Alls"
102004,"Federalists"
102005,"Federalists"
102006,"Federalists"
102007,"Know_Nothings"
102008,"Federalists"
102009,"Federalists"
102010,"Federalists"
102011,"Know_Nothings"
102012,"Federalists"
102013,"Know_It_Alls"
102014,"Federalists"
102015,"Federalists"
102016,"Federalists"
102017,"Know_Nothings"
102018,"Know_It_Alls"
102019,"Know_It_Alls"
102020,"Know_Nothings"
102021,"Federalists"
102022,"Federalists"
102023,"Federalists"
102024,"Know_Somethings"
102025,"Federalists"
102026,"Federalists"
102027,"Know_It_Alls"
102028,"Know_Somethings"
102029,"Know_It_Alls"
102030,"Know_Nothings"
102031,"Know_It_Alls"
102032,"Know_Somethings"
102033,"Federalists"
102034,"Know_Nothings"
102035,"Federalists"
102036,"Federalists"
102037,"Know_Nothings"
102038,"Know_Somethings"
102039,"Know_It_Alls"
102040,"Know_Nothings"
102041,"Federalists"
102042,"Federalists"
102043,"Federalists"
102044,"Know_Nothings"
102045,"Know_Somethings"
102046,"Know_It_Alls"
102047,"Federalists"
102048,"Know_Somethings"
102049,"Federalists"
102050,"Know_Nothings"
102051,"Federalists"
102052,"Know_Nothings"
102053,"Know_Nothings"
102054,"Federalists"
102055,"Know_Nothings"
102056,"Know_Nothings"
102057,"Federalists"
102058,"Federalists"
102059,"Federalists"
102060,"Federalists"
102061,"Federalists"
102062,"Know_Nothings"
102063,"Know_Nothings"
102064,"Federalists"
102065,"Know_It_Alls"
102066,"Federalists"
102067,"Know_Nothings"
102068,"Know_Somethings"
102069,"Know_Somethings"
102070,"Federalists"
102071,"Federalists"
102072,"Know_Nothings"
102073,"Know_Somethings"
102074,"Federalists"
102075,"Federalists"
102076,"Federalists"
102077,"Know_It_Alls"
102078,"Federalists"
102079,"Know_It_Alls"
102080,"Know_It_Alls"
102081,"Federalists"
102082,"Know_Nothings"
102083,"Federalists"
102084,"Federalists"
102085,"Know_Nothings"
102086,"Know_Nothings"
102087,"Federalists"
102088,"Know_Nothings"
102089,"Know_Somethings"
102090,"Know_Nothings"
102091,"Federalists"
102092,"Know_Nothings"
102093,"Know_It_Alls"
102094,"Federalists"
102095,"Know_It_Alls"
102096,"Federalists"
102097,"Know_Nothings"
102098,"Know_Nothings"
102099,"Federalists"
102100,"Federalists"
102101,"Know_Somethings"
102102,"Know_Somethings"
102103,"Know_Nothings"
102104,"Federalists"
102105,"Federalists"
102106,"Know_It_Alls"
102107,"Know_Nothings"
102108,"Know_It_Alls"
102109,"Know_Nothings"
102110,"Know_Nothings"
102111,"Federalists"
102112,"Federalists"
102113,"Know_Nothings"
102114,"Federalists"
102115,"Federalists"
102116,"Know_Nothings"
102117,"Know_It_Alls"
102118,"Know_Nothings"
102119,"Federalists"
102120,"Know_It_Alls"
102121,"Federalists"
102122,"Know_Nothings"
102123,"Federalists"
102124,"Know_It_Alls"
102125,"Know_Somethings"
102126,"Know_Nothings"
102127,"Federalists"
102128,"Know_Nothings"
102129,"Federalists"
102130,"Federalists"
102131,"Federalists"
102132,"Know_Nothings"
102133,"Know_Somethings"
102134,"Federalists"
102135,"Know_It_Alls"
102136,"Federalists"
102137,"Know_Somethings"
102138,"Know_Nothings"
102139,"Know_Somethings"
102140,"Know_It_Alls"
102141,"Know_It_Alls"
102142,"Federalists"
102143,"Know_It_Alls"
102144,"Federalists"
102145,"Know_It_Alls"
102146,"Federalists"
102147,"Know_Nothings"
102148,"Know_It_Alls"
102149,"Know_Nothings"
102150,"Know_Nothings"
102151,"Federalists"
102152,"Federalists"
102153,"Federalists"
102154,"Know_Somethings"
102155,"Know_It_Alls"
102156,"Know_Somethings"
102157,"Know_Nothings"
102158,"Know_Nothings"
102159,"Know_It_Alls"
102160,"Know_Nothings"
102161,"Federalists"
102162,"Know_Nothings"
102163,"Know_Nothings"
102164,"Know_Nothings"
102165,"Know_Nothings"
102166,"Know_It_Alls"
102167,"Know_It_Alls"
102168,"Federalists"
102169,"Know_Nothings"
102170,"Federalists"
102171,"Know_Somethings"
102172,"Know_Somethings"
102173,"Federalists"
102174,"Know_Nothings"
102175,"Know_Nothings"
102176,"Know_Nothings"
102177,"Know_Nothings"
102178,"Know_It_Alls"
102179,"Know_Nothings"
102180,"Know_Nothings"
102181,"Know_Somethings"
102182,"Know_It_Alls"
102183,"Federalists"
102184,"Know_Nothings"
102185,"Federalists"
102186,"Know_Nothings"
102187,"Know_Nothings"
102188,"Federalists"
102189,"Federalists"
102190,"Know_Nothings"
102191,"Know_It_Alls"
102192,"Know_It_Alls"
102193,"Federalists"
102194,"Federalists"
102195,"Know_It_Alls"
102196,"Federalists"
102197,"Know_Nothings"
102198,"Know_It_Alls"
102199,"Know_Nothings"
102200,"Know_It_Alls"
102201,"Know_Nothings"
102202,"Know_Somethings"
102203,"Federalists"
102204,"Federalists"
102205,"Federalists"
102206,"Know_Nothings"
102207,"Know_It_Alls"
102208,"Federalists"
102209,"Know_Nothings"
102210,"Know_It_Alls"
102211,"Know_It_Alls"
102212,"Know_Somethings"
102213,"Federalists"
102214,"Know_Somethings"
102215,"Know_It_Alls"
102216,"Know_It_Alls"
102217,"Federalists"
102218,"Federalists"
102219,"Know_Nothings"
102220,"Know_Nothings"
102221,"Know_Somethings"
102222,"Know_Nothings"
102223,"Federalists"
102224,"Know_Somethings"
102225,"Federalists"
102226,"Know_Nothings"
102227,"Federalists"
102228,"Federalists"
102229,"Know_It_Alls"
102230,"Know_Somethings"
102231,"Know_It_Alls"
102232,"Know_It_Alls"
102233,"Know_Nothings"
102234,"Know_Somethings"
102235,"Know_Somethings"
102236,"Federalists"
102237,"Know_It_Alls"
102238,"Know_It_Alls"
102239,"Federalists"
102240,"Federalists"
102241,"Know_Nothings"
102242,"Know_It_Alls"
102243,"Know_Nothings"
102244,"Know_Nothings"
102245,"Know_Somethings"
102246,"Know_Nothings"
102247,"Know_Nothings"
102248,"Know_It_Alls"
102249,"Federalists"
102250,"Know_It_Alls"
102251,"Know_It_Alls"
102252,"Federalists"
102253,"Know_It_Alls"
102254,"Know_It_Alls"
102255,"Know_Nothings"
102256,"Federalists"
102257,"Know_It_Alls"
102258,"Know_Nothings"
102259,"Know_Somethings"
102260,"Know_Nothings"
102261,"Know_It_Alls"
102262,"Federalists"
102263,"Federalists"
102264,"Federalists"
102265,"Know_It_Alls"
102266,"Know_It_Alls"
102267,"Know_Somethings"
102268,"Federalists"
102269,"Federalists"
102270,"Know_Nothings"
102271,"Federalists"
102272,"Federalists"
102273,"Federalists"
102274,"Federalists"
102275,"Federalists"
102276,"Know_It_Alls"
102277,"Know_Nothings"
102278,"Federalists"
102279,"Know_Nothings"
102280,"Know_Nothings"
102281,"Know_Nothings"
102282,"Know_Nothings"
102283,"Federalists"
102284,"Federalists"
102285,"Federalists"
102286,"Federalists"
102287,"Know_Somethings"
102288,"Know_It_Alls"
102289,"Know_Nothings"
102290,"Know_It_Alls"
102291,"Federalists"
102292,"Know_It_Alls"
102293,"Federalists"
102294,"Know_Somethings"
102295,"Know_Somethings"
102296,"Know_Nothings"
102297,"Federalists"
102298,"Know_Nothings"
102299,"Know_Nothings"
102300,"Know_Somethings"
102301,"Know_Somethings"
102302,"Know_It_Alls"
102303,"Federalists"
102304,"Know_Nothings"
102305,"Know_Nothings"
102306,"Know_Somethings"
102307,"Know_It_Alls"
102308,"Know_It_Alls"
102309,"Know_Nothings"
102310,"Know_Nothings"
102311,"Know_It_Alls"
102312,"Know_Nothings"
102313,"Know_Somethings"
102314,"Know_It_Alls"
102315,"Know_It_Alls"
102316,"Federalists"
102317,"Know_It_Alls"
102318,"Know_Somethings"
102319,"Know_It_Alls"
102320,"Federalists"
102321,"Know_It_Alls"
102322,"Know_It_Alls"
102323,"Know_It_Alls"
102324,"Know_Nothings"
102325,"Federalists"
102326,"Know_It_Alls"
102327,"Know_It_Alls"
102328,"Federalists"
102329,"Know_Nothings"
102330,"Know_It_Alls"
102331,"Know_It_Alls"
102332,"Federalists"
102333,"Know_Nothings"
102334,"Know_It_Alls"
102335,"Know_It_Alls"
102336,"Know_Nothings"
102337,"Federalists"
102338,"Federalists"
102339,"Know_Nothings"
102340,"Know_Nothings"
102341,"Know_It_Alls"
102342,"Know_It_Alls"
102343,"Federalists"
102344,"Know_Nothings"
102345,"Federalists"
102346,"Know_Somethings"
102347,"Federalists"
102348,"Know_Nothings"
102349,"Know_Somethings"
102350,"Federalists"
102351,"Know_Somethings"
102352,"Know_It_Alls"
102353,"Know_Nothings"
102354,"Know_Nothings"
102355,"Federalists"
102356,"Know_Nothings"
102357,"Know_It_Alls"
102358,"Federalists"
102359,"Know_Somethings"
102360,"Federalists"
102361,"Know_Nothings"
102362,"Know_It_Alls"
102363,"Know_It_Alls"
102364,"Know_Somethings"
102365,"Know_It_Alls"
102366,"Federalists"
102367,"Know_It_Alls"
102368,"Know_Nothings"
102369,"Know_Nothings"
102370,"Know_It_Alls"
102371,"Know_It_Alls"
102372,"Know_It_Alls"
102373,"Know_Nothings"
102374,"Know_Somethings"
102375,"Know_It_Alls"
102376,"Know_Nothings"
102377,"Know_It_Alls"
102378,"Know_Nothings"
102379,"Know_Nothings"
102380,"Know_It_Alls"
102381,"Know_It_Alls"
102382,"Know_Nothings"
102383,"Know_Nothings"
102384,"Know_Nothings"
102385,"Know_It_Alls"
102386,"Know_Nothings"
102387,"Know_It_Alls"
102388,"Know_Nothings"
102389,"Know_Nothings"
102390,"Know_Somethings"
102391,"Federalists"
102392,"Know_It_Alls"
102393,"Know_Nothings"
102394,"Know_It_Alls"
102395,"Federalists"
102396,"Federalists"
102397,"Know_Nothings"
102398,"Know_Nothings"
102399,"Know_It_Alls"
102400,"Know_Nothings"
102401,"Federalists"
102402,"Federalists"
102403,"Know_Nothings"
102404,"Know_Nothings"
102405,"Know_It_Alls"
102406,"Federalists"
102407,"Know_Nothings"
102408,"Know_Nothings"
102409,"Know_Somethings"
102410,"Federalists"
102411,"Federalists"
102412,"Federalists"
102413,"Federalists"
102414,"Know_Nothings"
102415,"Federalists"
102416,"Federalists"
102417,"Federalists"
102418,"Federalists"
102419,"Federalists"
102420,"Know_Nothings"
102421,"Know_Nothings"
102422,"Federalists"
102423,"Know_Somethings"
102424,"Know_It_Alls"
102425,"Know_Somethings"
102426,"Know_Nothings"
102427,"Know_It_Alls"
102428,"Federalists"
102429,"Know_It_Alls"
102430,"Know_It_Alls"
102431,"Federalists"
102432,"Know_Nothings"
102433,"Know_It_Alls"
102434,"Know_Nothings"
102435,"Federalists"
102436,"Know_It_Alls"
102437,"Know_It_Alls"
102438,"Know_It_Alls"
102439,"Federalists"
102440,"Federalists"
102441,"Know_It_Alls"
102442,"Know_Nothings"
102443,"Know_It_Alls"
102444,"Federalists"
102445,"Know_It_Alls"
102446,"Know_Nothings"
102447,"Know_Nothings"
102448,"Know_Nothings"
102449,"Know_Nothings"
102450,"Federalists"
102451,"Know_Nothings"
102452,"Know_Nothings"
102453,"Federalists"
102454,"Know_It_Alls"
102455,"Know_Nothings"
102456,"Federalists"
102457,"Know_Nothings"
102458,"Federalists"
102459,"Know_Nothings"
102460,"Federalists"
102461,"Federalists"
102462,"Know_Somethings"
102463,"Know_It_Alls"
102464,"Know_It_Alls"
102465,"Know_Nothings"
102466,"Federalists"
102467,"Know_Nothings"
102468,"Federalists"
102469,"Federalists"
102470,"Know_Nothings"
102471,"Know_It_Alls"
102472,"Federalists"
102473,"Federalists"
102474,"Know_Somethings"
102475,"Know_Nothings"
102476,"Know_It_Alls"
102477,"Know_It_Alls"
102478,"Federalists"
102479,"Know_Somethings"
102480,"Know_It_Alls"
102481,"Know_Nothings"
102482,"Federalists"
102483,"Know_Somethings"
102484,"Know_Nothings"
102485,"Know_Somethings"
102486,"Federalists"
102487,"Know_Nothings"
102488,"Federalists"
102489,"Know_Nothings"
102490,"Federalists"
102491,"Know_Nothings"
102492,"Know_It_Alls"
102493,"Federalists"
102494,"Federalists"
102495,"Know_Nothings"
102496,"Federalists"
102497,"Know_Nothings"
102498,"Federalists"
102499,"Federalists"
102500,"Know_Nothings"
102501,"Know_Somethings"
102502,"Know_It_Alls"
102503,"Know_Nothings"
102504,"Know_Somethings"
102505,"Federalists"
102506,"Know_It_Alls"
102507,"Federalists"
102508,"Federalists"
102509,"Federalists"
102510,"Know_It_Alls"
102511,"Federalists"
102512,"Know_It_Alls"
102513,"Federalists"
102514,"Know_Somethings"
102515,"Federalists"
102516,"Know_Nothings"
102517,"Know_It_Alls"
102518,"Know_Nothings"
102519,"Know_It_Alls"
102520,"Know_It_Alls"
102521,"Federalists"
102522,"Know_Nothings"
102523,"Know_Nothings"
102524,"Federalists"
102525,"Know_It_Alls"
102526,"Know_It_Alls"
102527,"Federalists"
102528,"Federalists"
102529,"Know_Nothings"
102530,"Federalists"
102531,"Federalists"
102532,"Know_It_Alls"
102533,"Know_Nothings"
102534,"Know_Nothings"
102535,"Know_Somethings"
102536,"Know_It_Alls"
102537,"Federalists"
102538,"Know_Nothings"
102539,"Federalists"
102540,"Know_It_Alls"
102541,"Know_It_Alls"
102542,"Federalists"
102543,"Know_Nothings"
102544,"Federalists"
102545,"Know_Nothings"
102546,"Know_Nothings"
102547,"Know_Nothings"
102548,"Know_It_Alls"
102549,"Know_Nothings"
102550,"Federalists"
102551,"Know_Nothings"
102552,"Know_It_Alls"
102553,"Federalists"
102554,"Federalists"
102555,"Know_It_Alls"
102556,"Federalists"
102557,"Know_Nothings"
102558,"Know_Nothings"
102559,"Know_It_Alls"
102560,"Know_It_Alls"
102561,"Know_Nothings"
102562,"Know_Nothings"
102563,"Know_Nothings"
102564,"Federalists"
102565,"Federalists"
102566,"Know_Nothings"
102567,"Know_Somethings"
102568,"Know_Nothings"
102569,"Know_Nothings"
102570,"Know_It_Alls"
102571,"Know_Nothings"
102572,"Know_It_Alls"
102573,"Federalists"
102574,"Know_Nothings"
102575,"Know_Nothings"
102576,"Federalists"
102577,"Federalists"
102578,"Know_Nothings"
102579,"Know_Nothings"
102580,"Know_Nothings"
102581,"Know_Nothings"
102582,"Know_It_Alls"
102583,"Federalists"
102584,"Know_Somethings"
102585,"Federalists"
102586,"Know_Nothings"
102587,"Federalists"
102588,"Know_Nothings"
102589,"Federalists"
102590,"Know_Nothings"
102591,"Know_Nothings"
102592,"Know_Nothings"
102593,"Know_It_Alls"
102594,"Know_It_Alls"
102595,"Know_Nothings"
102596,"Know_Nothings"
102597,"Know_It_Alls"
102598,"Know_Somethings"
102599,"Know_It_Alls"
102600,"Federalists"
102601,"Federalists"
102602,"Federalists"
102603,"Federalists"
102604,"Know_Somethings"
102605,"Know_Nothings"
102606,"Federalists"
102607,"Federalists"
102608,"Know_Nothings"
102609,"Know_Nothings"
102610,"Know_Nothings"
102611,"Federalists"
102612,"Know_Nothings"
102613,"Know_Somethings"
102614,"Federalists"
102615,"Federalists"
102616,"Federalists"
102617,"Federalists"
102618,"Federalists"
102619,"Know_Somethings"
102620,"Know_Nothings"
102621,"Federalists"
102622,"Know_It_Alls"
102623,"Federalists"
102624,"Know_Somethings"
102625,"Know_Nothings"
102626,"Know_Nothings"
102627,"Know_It_Alls"
102628,"Federalists"
102629,"Federalists"
102630,"Know_Nothings"
102631,"Know_It_Alls"
102632,"Federalists"
102633,"Know_It_Alls"
102634,"Federalists"
102635,"Federalists"
102636,"Know_Nothings"
102637,"Know_It_Alls"
102638,"Federalists"
102639,"Know_Nothings"
102640,"Federalists"
102641,"Know_Nothings"
102642,"Know_Nothings"
102643,"Know_It_Alls"
102644,"Know_Nothings"
102645,"Federalists"
102646,"Know_It_Alls"
102647,"Know_It_Alls"
102648,"Federalists"
102649,"Know_Nothings"
102650,"Federalists"
102651,"Know_Nothings"
102652,"Federalists"
102653,"Federalists"
102654,"Know_Somethings"
102655,"Federalists"
102656,"Know_It_Alls"
102657,"Know_Nothings"
102658,"Know_It_Alls"
102659,"Know_It_Alls"
102660,"Federalists"
102661,"Know_It_Alls"
102662,"Know_It_Alls"
102663,"Know_It_Alls"
102664,"Know_Nothings"
102665,"Know_Nothings"
102666,"Know_It_Alls"
102667,"Know_Nothings"
102668,"Federalists"
102669,"Know_Nothings"
102670,"Federalists"
102671,"Know_Nothings"
102672,"Know_Nothings"
102673,"Know_Nothings"
102674,"Know_It_Alls"
102675,"Know_Somethings"
102676,"Know_Nothings"
102677,"Federalists"
102678,"Know_Nothings"
102679,"Know_Nothings"
102680,"Know_It_Alls"
102681,"Federalists"
102682,"Know_Nothings"
102683,"Know_Nothings"
102684,"Know_It_Alls"
102685,"Federalists"
102686,"Federalists"
102687,"Know_It_Alls"
102688,"Federalists"
102689,"Federalists"
102690,"Know_Nothings"
102691,"Know_It_Alls"
102692,"Know_Somethings"
102693,"Federalists"
102694,"Know_Nothings"
102695,"Federalists"
102696,"Know_Nothings"
102697,"Federalists"
102698,"Know_Nothings"
102699,"Federalists"
102700,"Federalists"
102701,"Federalists"
102702,"Federalists"
102703,"Know_It_Alls"
102704,"Know_Somethings"
102705,"Know_Somethings"
102706,"Know_Nothings"
102707,"Federalists"
102708,"Know_It_Alls"
102709,"Federalists"
102710,"Know_Somethings"
102711,"Know_It_Alls"
102712,"Know_It_Alls"
102713,"Know_Somethings"
102714,"Federalists"
102715,"Federalists"
102716,"Know_It_Alls"
102717,"Know_It_Alls"
102718,"Know_It_Alls"
102719,"Know_Nothings"
102720,"Know_Somethings"
102721,"Know_Nothings"
102722,"Know_Nothings"
102723,"Know_Nothings"
102724,"Federalists"
102725,"Federalists"
102726,"Federalists"
102727,"Federalists"
102728,"Know_Nothings"
102729,"Federalists"
102730,"Know_Nothings"
102731,"Know_Nothings"
102732,"Know_It_Alls"
102733,"Know_It_Alls"
102734,"Know_It_Alls"
102735,"Know_It_Alls"
102736,"Know_It_Alls"
102737,"Know_Somethings"
102738,"Know_Somethings"
102739,"Know_Nothings"
102740,"Federalists"
102741,"Know_Nothings"
102742,"Federalists"
102743,"Know_Nothings"
102744,"Federalists"
102745,"Federalists"
102746,"Federalists"
102747,"Know_It_Alls"
102748,"Know_It_Alls"
102749,"Federalists"
102750,"Federalists"
102751,"Federalists"
102752,"Federalists"
102753,"Know_Nothings"
102754,"Know_It_Alls"
102755,"Federalists"
102756,"Know_Nothings"
102757,"Know_Nothings"
102758,"Federalists"
102759,"Know_Nothings"
102760,"Federalists"
102761,"Federalists"
102762,"Know_It_Alls"
102763,"Federalists"
102764,"Federalists"
102765,"Federalists"
102766,"Federalists"
102767,"Federalists"
102768,"Know_Somethings"
102769,"Federalists"
102770,"Federalists"
102771,"Know_Somethings"
102772,"Federalists"
102773,"Know_Nothings"
102774,"Know_It_Alls"
102775,"Know_Nothings"
102776,"Know_It_Alls"
102777,"Know_It_Alls"
102778,"Federalists"
102779,"Know_It_Alls"
102780,"Federalists"
102781,"Federalists"
102782,"Know_Nothings"
102783,"Know_Somethings"
102784,"Know_Somethings"
102785,"Federalists"
102786,"Federalists"
102787,"Know_It_Alls"
102788,"Know_Nothings"
102789,"Know_Nothings"
102790,"Know_Nothings"
102791,"Federalists"
102792,"Know_Nothings"
102793,"Know_Nothings"
102794,"Know_It_Alls"
102795,"Federalists"
102796,"Know_Nothings"
102797,"Federalists"
102798,"Federalists"
102799,"Know_Nothings"
102800,"Know_Nothings"
102801,"Know_It_Alls"
102802,"Know_Nothings"
102803,"Know_Nothings"
102804,"Know_Nothings"
102805,"Know_Somethings"
102806,"Federalists"
102807,"Federalists"
102808,"Know_Nothings"
102809,"Federalists"
102810,"Know_It_Alls"
102811,"Know_Nothings"
102812,"Know_It_Alls"
102813,"Federalists"
102814,"Federalists"
102815,"Know_Nothings"
102816,"Federalists"
102817,"Know_Nothings"
102818,"Know_Nothings"
102819,"Federalists"
102820,"Federalists"
102821,"Know_Nothings"
102822,"Know_It_Alls"
102823,"Know_It_Alls"
102824,"Federalists"
102825,"Federalists"
102826,"Federalists"
102827,"Know_Nothings"
102828,"Federalists"
102829,"Know_It_Alls"
102830,"Know_Somethings"
102831,"Know_It_Alls"
102832,"Know_Somethings"
102833,"Know_Nothings"
102834,"Know_Nothings"
102835,"Know_Somethings"
102836,"Federalists"
102837,"Federalists"
102838,"Federalists"
102839,"Know_Nothings"
102840,"Federalists"
102841,"Know_It_Alls"
102842,"Federalists"
102843,"Know_It_Alls"
102844,"Federalists"
102845,"Know_It_Alls"
102846,"Know_It_Alls"
102847,"Know_Nothings"
102848,"Know_Nothings"
102849,"Know_Nothings"
102850,"Know_Nothings"
102851,"Know_It_Alls"
102852,"Know_It_Alls"
102853,"Know_Nothings"
102854,"Federalists"
102855,"Know_It_Alls"
102856,"Know_It_Alls"
102857,"Federalists"
102858,"Federalists"
102859,"Know_It_Alls"
102860,"Know_It_Alls"
102861,"Know_Nothings"
102862,"Know_Nothings"
102863,"Federalists"
102864,"Know_Nothings"
102865,"Know_It_Alls"
102866,"Know_Somethings"
102867,"Know_It_Alls"
102868,"Know_Nothings"
102869,"Federalists"
102870,"Federalists"
102871,"Federalists"
102872,"Know_It_Alls"
102873,"Know_Somethings"
102874,"Know_Somethings"
102875,"Know_It_Alls"
102876,"Know_It_Alls"
102877,"Know_Somethings"
102878,"Know_Nothings"
102879,"Know_Nothings"
102880,"Federalists"
102881,"Federalists"
102882,"Know_Nothings"
102883,"Know_Somethings"
102884,"Know_Somethings"
102885,"Know_Somethings"
102886,"Know_Nothings"
102887,"Federalists"
102888,"Federalists"
102889,"Know_Nothings"
102890,"Federalists"
102891,"Know_Nothings"
102892,"Federalists"
102893,"Federalists"
102894,"Know_Somethings"
102895,"Federalists"
102896,"Know_Nothings"
102897,"Know_Somethings"
102898,"Federalists"
102899,"Know_Somethings"
102900,"Know_It_Alls"
102901,"Know_Nothings"
102902,"Federalists"
102903,"Know_Nothings"
102904,"Federalists"
102905,"Know_It_Alls"
102906,"Federalists"
102907,"Know_Nothings"
102908,"Federalists"
102909,"Federalists"
102910,"Know_It_Alls"
102911,"Know_It_Alls"
102912,"Know_It_Alls"
102913,"Know_Nothings"
102914,"Federalists"
102915,"Know_It_Alls"
102916,"Federalists"
102917,"Federalists"
102918,"Know_It_Alls"
102919,"Know_It_Alls"
102920,"Know_Somethings"
102921,"Federalists"
102922,"Federalists"
102923,"Know_It_Alls"
102924,"Know_Nothings"
102925,"Know_Nothings"
102926,"Federalists"
102927,"Know_Nothings"
102928,"Know_It_Alls"
102929,"Federalists"
102930,"Federalists"
102931,"Know_Nothings"
102932,"Know_Nothings"
102933,"Know_Somethings"
102934,"Federalists"
102935,"Know_It_Alls"
102936,"Know_Somethings"
102937,"Know_Nothings"
102938,"Know_It_Alls"
102939,"Know_It_Alls"
102940,"Know_It_Alls"
102941,"Know_Somethings"
102942,"Federalists"
102943,"Know_It_Alls"
102944,"Know_It_Alls"
102945,"Federalists"
102946,"Federalists"
102947,"Know_Nothings"
102948,"Know_It_Alls"
102949,"Know_Nothings"
102950,"Know_Nothings"
102951,"Know_It_Alls"
102952,"Federalists"
102953,"Federalists"
102954,"Know_Nothings"
102955,"Know_It_Alls"
102956,"Know_Somethings"
102957,"Federalists"
102958,"Federalists"
102959,"Know_Nothings"
102960,"Know_It_Alls"
102961,"Know_Somethings"
102962,"Federalists"
102963,"Federalists"
102964,"Know_It_Alls"
102965,"Know_Nothings"
102966,"Federalists"
102967,"Federalists"
102968,"Federalists"
102969,"Know_Nothings"
102970,"Federalists"
102971,"Know_Nothings"
102972,"Know_Nothings"
102973,"Know_It_Alls"
102974,"Know_Nothings"
102975,"Know_Nothings"
102976,"Know_Somethings"
102977,"Know_It_Alls"
102978,"Know_Nothings"
102979,"Federalists"
102980,"Know_It_Alls"
102981,"Know_Somethings"
102982,"Know_Somethings"
102983,"Federalists"
102984,"Know_Somethings"
102985,"Know_It_Alls"
102986,"Federalists"
102987,"Federalists"
102988,"Know_Nothings"
102989,"Know_Nothings"
102990,"Know_It_Alls"
102991,"Federalists"
102992,"Know_It_Alls"
102993,"Know_It_Alls"
102994,"Federalists"
102995,"Know_Nothings"
102996,"Know_Nothings"
102997,"Know_Nothings"
102998,"Know_Nothings"
102999,"Know_It_Alls"
103000,"Know_Somethings"
103001,"Know_It_Alls"
103002,"Know_It_Alls"
103003,"Federalists"
103004,"Federalists"
103005,"Know_Nothings"
103006,"Know_It_Alls"
103007,"Know_It_Alls"
103008,"Know_Nothings"
103009,"Know_It_Alls"
103010,"Know_Nothings"
103011,"Know_It_Alls"
103012,"Know_Nothings"
103013,"Federalists"
103014,"Federalists"
103015,"Federalists"
103016,"Federalists"
103017,"Know_It_Alls"
103018,"Know_Nothings"
103019,"Know_Nothings"
103020,"Federalists"
103021,"Federalists"
103022,"Know_Nothings"
103023,"Federalists"
103024,"Federalists"
103025,"Federalists"
103026,"Federalists"
103027,"Know_Nothings"
103028,"Know_Somethings"
103029,"Know_Somethings"
103030,"Know_Nothings"
103031,"Federalists"
103032,"Federalists"
103033,"Know_It_Alls"
103034,"Know_Nothings"
103035,"Know_Somethings"
103036,"Federalists"
103037,"Know_It_Alls"
103038,"Know_Somethings"
103039,"Federalists"
103040,"Federalists"
103041,"Know_Nothings"
103042,"Know_Nothings"
103043,"Federalists"
103044,"Know_Somethings"
103045,"Know_Nothings"
103046,"Federalists"
103047,"Federalists"
103048,"Know_Nothings"
103049,"Federalists"
103050,"Know_Nothings"
103051,"Federalists"
103052,"Federalists"
103053,"Know_It_Alls"
103054,"Know_Nothings"
103055,"Federalists"
103056,"Federalists"
103057,"Know_Nothings"
103058,"Know_It_Alls"
103059,"Federalists"
103060,"Federalists"
103061,"Know_It_Alls"
103062,"Know_Nothings"
103063,"Know_It_Alls"
103064,"Federalists"
103065,"Know_Nothings"
103066,"Know_Nothings"
103067,"Know_Nothings"
103068,"Federalists"
103069,"Know_Nothings"
103070,"Know_Somethings"
103071,"Know_It_Alls"
103072,"Federalists"
103073,"Federalists"
103074,"Know_It_Alls"
103075,"Know_Nothings"
103076,"Know_It_Alls"
103077,"Know_Nothings"
103078,"Know_Nothings"
103079,"Federalists"
103080,"Know_It_Alls"
103081,"Know_It_Alls"
103082,"Know_It_Alls"
103083,"Know_Nothings"
103084,"Federalists"
103085,"Know_Nothings"
103086,"Know_It_Alls"
103087,"Federalists"
103088,"Know_Nothings"
103089,"Federalists"
103090,"Know_It_Alls"
103091,"Know_It_Alls"
103092,"Know_It_Alls"
103093,"Federalists"
103094,"Know_It_Alls"
103095,"Federalists"
103096,"Federalists"
103097,"Know_Somethings"
103098,"Federalists"
103099,"Know_It_Alls"
103100,"Know_Nothings"
103101,"Federalists"
103102,"Know_It_Alls"
103103,"Federalists"
103104,"Know_Nothings"
103105,"Know_Nothings"
103106,"Know_Nothings"
103107,"Know_Nothings"
103108,"Know_Nothings"
103109,"Know_Nothings"
103110,"Know_Nothings"
103111,"Know_Somethings"
103112,"Know_It_Alls"
103113,"Know_Nothings"
103114,"Know_It_Alls"
103115,"Federalists"
103116,"Federalists"
103117,"Know_Nothings"
103118,"Know_It_Alls"
103119,"Federalists"
103120,"Know_Nothings"
103121,"Know_Somethings"
103122,"Know_Nothings"
103123,"Federalists"
103124,"Know_Nothings"
103125,"Know_It_Alls"
103126,"Know_It_Alls"
103127,"Know_It_Alls"
103128,"Know_It_Alls"
103129,"Federalists"
103130,"Know_Nothings"
103131,"Federalists"
103132,"Know_It_Alls"
103133,"Know_Nothings"
103134,"Know_Somethings"
103135,"Federalists"
103136,"Know_It_Alls"
103137,"Federalists"
103138,"Federalists"
103139,"Federalists"
103140,"Federalists"
103141,"Know_Nothings"
103142,"Federalists"
103143,"Know_Somethings"
103144,"Know_It_Alls"
103145,"Know_Nothings"
103146,"Know_It_Alls"
103147,"Federalists"
103148,"Know_Somethings"
103149,"Federalists"
103150,"Know_It_Alls"
103151,"Federalists"
103152,"Know_Nothings"
103153,"Know_Nothings"
103154,"Federalists"
103155,"Federalists"
103156,"Know_Somethings"
103157,"Federalists"
103158,"Know_Nothings"
103159,"Federalists"
103160,"Know_Nothings"
103161,"Know_Somethings"
103162,"Know_It_Alls"
103163,"Know_Nothings"
103164,"Know_Nothings"
103165,"Federalists"
103166,"Know_It_Alls"
103167,"Know_It_Alls"
103168,"Federalists"
103169,"Federalists"
103170,"Federalists"
103171,"Know_It_Alls"
103172,"Know_Nothings"
103173,"Know_Somethings"
103174,"Know_Nothings"
103175,"Know_Somethings"
103176,"Know_It_Alls"
103177,"Know_Nothings"
103178,"Federalists"
103179,"Know_Nothings"
103180,"Federalists"
103181,"Know_It_Alls"
103182,"Know_It_Alls"
103183,"Know_Nothings"
103184,"Know_Nothings"
103185,"Know_Nothings"
103186,"Know_Somethings"
103187,"Know_Nothings"
103188,"Know_Nothings"
103189,"Know_It_Alls"
103190,"Federalists"
103191,"Know_Nothings"
103192,"Know_It_Alls"
103193,"Know_It_Alls"
103194,"Federalists"
103195,"Know_Somethings"
103196,"Federalists"
103197,"Know_Nothings"
103198,"Know_Nothings"
103199,"Know_Nothings"
103200,"Know_It_Alls"
103201,"Know_Nothings"
103202,"Know_Nothings"
103203,"Know_Nothings"
103204,"Know_Nothings"
103205,"Know_Nothings"
103206,"Federalists"
103207,"Know_Nothings"
103208,"Know_Nothings"
103209,"Federalists"
103210,"Know_It_Alls"
103211,"Know_Somethings"
103212,"Know_It_Alls"
103213,"Know_Nothings"
103214,"Know_Nothings"
103215,"Know_It_Alls"
103216,"Know_Nothings"
103217,"Know_Nothings"
103218,"Know_Nothings"
103219,"Know_It_Alls"
103220,"Know_Nothings"
103221,"Know_It_Alls"
103222,"Federalists"
103223,"Federalists"
103224,"Know_Nothings"
103225,"Know_It_Alls"
103226,"Know_It_Alls"
103227,"Know_It_Alls"
103228,"Federalists"
103229,"Know_Nothings"
103230,"Know_It_Alls"
103231,"Know_It_Alls"
103232,"Federalists"
103233,"Federalists"
103234,"Federalists"
103235,"Know_It_Alls"
103236,"Know_Nothings"
103237,"Know_Nothings"
103238,"Know_Somethings"
103239,"Federalists"
103240,"Federalists"
103241,"Know_Nothings"
103242,"Know_Nothings"
103243,"Know_Nothings"
103244,"Know_Nothings"
103245,"Know_Nothings"
103246,"Know_Nothings"
103247,"Know_Nothings"
103248,"Know_It_Alls"
103249,"Federalists"
103250,"Know_It_Alls"
103251,"Federalists"
103252,"Know_It_Alls"
103253,"Federalists"
103254,"Know_It_Alls"
103255,"Federalists"
103256,"Federalists"
103257,"Know_Nothings"
103258,"Know_Nothings"
103259,"Federalists"
103260,"Know_Nothings"
103261,"Know_It_Alls"
103262,"Know_It_Alls"
103263,"Federalists"
103264,"Federalists"
103265,"Federalists"
103266,"Federalists"
103267,"Know_Somethings"
103268,"Know_Nothings"
103269,"Know_Nothings"
103270,"Know_It_Alls"
103271,"Know_Nothings"
103272,"Federalists"
103273,"Federalists"
103274,"Know_It_Alls"
103275,"Know_Nothings"
103276,"Know_Nothings"
103277,"Know_Nothings"
103278,"Federalists"
103279,"Know_It_Alls"
103280,"Know_Somethings"
103281,"Federalists"
103282,"Know_It_Alls"
103283,"Know_Nothings"
103284,"Federalists"
103285,"Know_Somethings"
103286,"Federalists"
103287,"Know_Nothings"
103288,"Know_Nothings"
103289,"Know_It_Alls"
103290,"Know_It_Alls"
103291,"Know_It_Alls"
103292,"Know_Somethings"
103293,"Know_Nothings"
103294,"Know_Nothings"
103295,"Know_Nothings"
103296,"Federalists"
103297,"Federalists"
103298,"Know_Nothings"
103299,"Know_It_Alls"
103300,"Federalists"
103301,"Know_It_Alls"
103302,"Know_It_Alls"
103303,"Know_Nothings"
103304,"Federalists"
103305,"Know_It_Alls"
103306,"Federalists"
103307,"Know_Nothings"
103308,"Know_Somethings"
103309,"Know_It_Alls"
103310,"Know_Nothings"
103311,"Know_It_Alls"
103312,"Know_It_Alls"
103313,"Know_Nothings"
103314,"Know_Nothings"
103315,"Know_It_Alls"
103316,"Know_It_Alls"
103317,"Know_Nothings"
103318,"Federalists"
103319,"Know_Nothings"
103320,"Federalists"
103321,"Know_It_Alls"
103322,"Know_Nothings"
103323,"Federalists"
103324,"Federalists"
103325,"Know_Somethings"
103326,"Know_Nothings"
103327,"Federalists"
103328,"Know_Nothings"
103329,"Know_It_Alls"
103330,"Know_It_Alls"
103331,"Know_Nothings"
103332,"Know_Somethings"
103333,"Know_Nothings"
103334,"Federalists"
103335,"Federalists"
103336,"Know_Nothings"
103337,"Know_Somethings"
103338,"Know_It_Alls"
103339,"Know_Nothings"
103340,"Know_Nothings"
103341,"Federalists"
103342,"Know_Nothings"
103343,"Know_Nothings"
103344,"Federalists"
103345,"Federalists"
103346,"Know_It_Alls"
103347,"Federalists"
103348,"Federalists"
103349,"Know_Nothings"
103350,"Know_It_Alls"
103351,"Know_It_Alls"
103352,"Know_Nothings"
103353,"Know_It_Alls"
103354,"Federalists"
103355,"Federalists"
103356,"Know_It_Alls"
103357,"Know_It_Alls"
103358,"Federalists"
103359,"Know_It_Alls"
103360,"Federalists"
103361,"Federalists"
103362,"Know_It_Alls"
103363,"Federalists"
103364,"Federalists"
103365,"Know_It_Alls"
103366,"Know_Nothings"
103367,"Know_Nothings"
103368,"Know_It_Alls"
103369,"Federalists"
103370,"Know_It_Alls"
103371,"Federalists"
103372,"Federalists"
103373,"Know_Nothings"
103374,"Know_It_Alls"
103375,"Know_Nothings"
103376,"Know_Nothings"
103377,"Federalists"
103378,"Know_It_Alls"
103379,"Know_Nothings"
103380,"Know_It_Alls"
103381,"Know_It_Alls"
103382,"Federalists"
103383,"Federalists"
103384,"Know_It_Alls"
103385,"Know_It_Alls"
103386,"Know_It_Alls"
103387,"Federalists"
103388,"Know_Nothings"
103389,"Federalists"
103390,"Federalists"
103391,"Know_It_Alls"
103392,"Know_It_Alls"
103393,"Know_Nothings"
103394,"Know_It_Alls"
103395,"Know_It_Alls"
103396,"Federalists"
103397,"Federalists"
103398,"Know_It_Alls"
103399,"Know_Somethings"
103400,"Federalists"
103401,"Know_Nothings"
103402,"Know_Nothings"
103403,"Know_It_Alls"
103404,"Know_Somethings"
103405,"Know_Nothings"
103406,"Know_Nothings"
103407,"Know_It_Alls"
103408,"Federalists"
103409,"Know_Nothings"
103410,"Federalists"
103411,"Federalists"
103412,"Know_Somethings"
103413,"Know_Nothings"
103414,"Know_Somethings"
103415,"Federalists"
103416,"Federalists"
103417,"Know_Nothings"
103418,"Know_Nothings"
103419,"Know_It_Alls"
103420,"Federalists"
103421,"Know_Nothings"
103422,"Know_Nothings"
103423,"Know_Nothings"
103424,"Federalists"
103425,"Know_It_Alls"
103426,"Know_It_Alls"
103427,"Federalists"
103428,"Know_Nothings"
103429,"Federalists"
103430,"Know_Nothings"
103431,"Know_Nothings"
103432,"Federalists"
103433,"Federalists"
103434,"Know_Somethings"
103435,"Know_It_Alls"
103436,"Know_Nothings"
103437,"Know_It_Alls"
103438,"Know_Somethings"
103439,"Federalists"
103440,"Federalists"
103441,"Federalists"
103442,"Know_Nothings"
103443,"Federalists"
103444,"Know_Nothings"
103445,"Know_It_Alls"
103446,"Know_Nothings"
103447,"Federalists"
103448,"Know_Nothings"
103449,"Know_It_Alls"
103450,"Know_Nothings"
103451,"Know_It_Alls"
103452,"Federalists"
103453,"Federalists"
103454,"Know_It_Alls"
103455,"Know_Somethings"
103456,"Federalists"
103457,"Federalists"
103458,"Know_Somethings"
103459,"Federalists"
103460,"Federalists"
103461,"Know_It_Alls"
103462,"Federalists"
103463,"Federalists"
103464,"Federalists"
103465,"Know_It_Alls"
103466,"Federalists"
103467,"Know_Somethings"
103468,"Federalists"
103469,"Know_It_Alls"
103470,"Know_It_Alls"
103471,"Federalists"
103472,"Know_Nothings"
103473,"Know_It_Alls"
103474,"Federalists"
103475,"Federalists"
103476,"Know_It_Alls"
103477,"Know_Somethings"
103478,"Federalists"
103479,"Know_Somethings"
103480,"Federalists"
103481,"Know_Nothings"
103482,"Know_Nothings"
103483,"Know_Nothings"
103484,"Know_Nothings"
103485,"Know_Nothings"
103486,"Federalists"
103487,"Federalists"
103488,"Know_Nothings"
103489,"Know_Somethings"
103490,"Know_It_Alls"
103491,"Know_It_Alls"
103492,"Know_Nothings"
103493,"Know_Nothings"
103494,"Know_It_Alls"
103495,"Know_It_Alls"
103496,"Federalists"
103497,"Federalists"
103498,"Know_It_Alls"
103499,"Know_It_Alls"
103500,"Know_Somethings"
103501,"Know_Nothings"
103502,"Know_It_Alls"
103503,"Know_Nothings"
103504,"Know_Nothings"
103505,"Know_Nothings"
103506,"Know_Nothings"
103507,"Federalists"
103508,"Know_It_Alls"
103509,"Federalists"
103510,"Know_Nothings"
103511,"Federalists"
103512,"Know_Nothings"
103513,"Federalists"
103514,"Know_Nothings"
103515,"Federalists"
103516,"Know_Nothings"
103517,"Federalists"
103518,"Know_Nothings"
103519,"Federalists"
103520,"Know_Somethings"
103521,"Know_It_Alls"
103522,"Federalists"
103523,"Know_Somethings"
103524,"Know_Somethings"
103525,"Know_Nothings"
103526,"Federalists"
103527,"Know_It_Alls"
103528,"Know_Nothings"
103529,"Know_It_Alls"
103530,"Federalists"
103531,"Know_Nothings"
103532,"Federalists"
103533,"Know_Somethings"
103534,"Know_Nothings"
103535,"Know_It_Alls"
103536,"Know_Nothings"
103537,"Federalists"
103538,"Federalists"
103539,"Federalists"
103540,"Know_It_Alls"
103541,"Federalists"
103542,"Know_Nothings"
103543,"Know_It_Alls"
103544,"Federalists"
103545,"Know_Somethings"
103546,"Federalists"
103547,"Know_It_Alls"
103548,"Know_Nothings"
103549,"Know_It_Alls"
103550,"Federalists"
103551,"Know_Nothings"
103552,"Know_Nothings"
103553,"Know_Somethings"
103554,"Know_Somethings"
103555,"Know_Nothings"
103556,"Know_Somethings"
103557,"Federalists"
103558,"Know_It_Alls"
103559,"Know_Somethings"
103560,"Federalists"
103561,"Know_It_Alls"
103562,"Know_Somethings"
103563,"Federalists"
103564,"Federalists"
103565,"Know_Nothings"
103566,"Know_Nothings"
103567,"Know_Nothings"
103568,"Federalists"
103569,"Federalists"
103570,"Know_Nothings"
103571,"Know_Nothings"
103572,"Know_Nothings"
103573,"Federalists"
103574,"Know_It_Alls"
103575,"Federalists"
103576,"Know_Nothings"
103577,"Know_Somethings"
103578,"Federalists"
103579,"Know_Nothings"
103580,"Federalists"
103581,"Know_Nothings"
103582,"Know_Nothings"
103583,"Federalists"
103584,"Know_It_Alls"
103585,"Know_It_Alls"
103586,"Know_It_Alls"
103587,"Federalists"
103588,"Federalists"
103589,"Know_It_Alls"
103590,"Federalists"
103591,"Know_Somethings"
103592,"Federalists"
103593,"Know_Nothings"
103594,"Federalists"
103595,"Federalists"
103596,"Know_It_Alls"
103597,"Know_Nothings"
103598,"Know_Nothings"
103599,"Know_It_Alls"
103600,"Know_Nothings"
103601,"Know_It_Alls"
103602,"Know_Nothings"
103603,"Know_Nothings"
103604,"Know_It_Alls"
103605,"Federalists"
103606,"Know_Nothings"
103607,"Know_Nothings"
103608,"Know_It_Alls"
103609,"Federalists"
103610,"Know_Nothings"
103611,"Federalists"
103612,"Know_Nothings"
103613,"Know_Somethings"
103614,"Know_Nothings"
103615,"Federalists"
103616,"Know_Nothings"
103617,"Know_It_Alls"
103618,"Know_It_Alls"
103619,"Federalists"
103620,"Know_Nothings"
103621,"Know_It_Alls"
103622,"Know_Nothings"
103623,"Know_It_Alls"
103624,"Know_Somethings"
103625,"Federalists"
103626,"Know_Nothings"
103627,"Know_Nothings"
103628,"Know_Nothings"
103629,"Federalists"
103630,"Know_Nothings"
103631,"Know_Somethings"
103632,"Know_Somethings"
103633,"Know_Nothings"
103634,"Federalists"
103635,"Federalists"
103636,"Know_Nothings"
103637,"Federalists"
103638,"Know_Nothings"
103639,"Know_Nothings"
103640,"Federalists"
103641,"Know_Nothings"
103642,"Know_Nothings"
103643,"Know_It_Alls"
103644,"Know_It_Alls"
103645,"Federalists"
103646,"Know_It_Alls"
103647,"Federalists"
103648,"Federalists"
103649,"Know_Somethings"
103650,"Know_Nothings"
103651,"Know_It_Alls"
103652,"Federalists"
103653,"Know_It_Alls"
103654,"Know_Nothings"
103655,"Federalists"
103656,"Know_Nothings"
103657,"Know_It_Alls"
103658,"Federalists"
103659,"Federalists"
103660,"Know_Somethings"
103661,"Know_Nothings"
103662,"Know_Nothings"
103663,"Know_Nothings"
103664,"Know_It_Alls"
103665,"Know_It_Alls"
103666,"Know_Somethings"
103667,"Federalists"
103668,"Know_It_Alls"
103669,"Know_It_Alls"
103670,"Know_Nothings"
103671,"Federalists"
103672,"Federalists"
103673,"Federalists"
103674,"Federalists"
103675,"Know_It_Alls"
103676,"Federalists"
103677,"Know_Nothings"
103678,"Know_Nothings"
103679,"Know_Nothings"
103680,"Federalists"
103681,"Know_Somethings"
103682,"Know_Nothings"
103683,"Know_It_Alls"
103684,"Know_Nothings"
103685,"Federalists"
103686,"Know_Nothings"
103687,"Know_It_Alls"
103688,"Know_Nothings"
103689,"Know_It_Alls"
103690,"Know_Somethings"
103691,"Know_It_Alls"
103692,"Know_Nothings"
103693,"Know_It_Alls"
103694,"Know_Nothings"
103695,"Know_Nothings"
103696,"Federalists"
103697,"Know_Somethings"
103698,"Know_Nothings"
103699,"Know_Nothings"
103700,"Know_Nothings"
103701,"Know_Nothings"
103702,"Know_It_Alls"
103703,"Federalists"
103704,"Know_Nothings"
103705,"Know_It_Alls"
103706,"Know_It_Alls"
103707,"Federalists"
103708,"Know_Nothings"
103709,"Federalists"
103710,"Know_Somethings"
103711,"Know_Nothings"
103712,"Know_Nothings"
103713,"Know_It_Alls"
103714,"Know_It_Alls"
103715,"Know_Somethings"
103716,"Know_Somethings"
103717,"Know_It_Alls"
103718,"Know_It_Alls"
103719,"Federalists"
103720,"Know_It_Alls"
103721,"Know_Nothings"
103722,"Federalists"
103723,"Know_It_Alls"
103724,"Know_Nothings"
103725,"Know_Nothings"
103726,"Federalists"
103727,"Know_Somethings"
103728,"Federalists"
103729,"Know_It_Alls"
103730,"Know_It_Alls"
103731,"Know_It_Alls"
103732,"Know_It_Alls"
103733,"Know_Nothings"
103734,"Federalists"
103735,"Know_Nothings"
103736,"Know_It_Alls"
103737,"Federalists"
103738,"Know_Nothings"
103739,"Know_Somethings"
103740,"Know_Nothings"
103741,"Federalists"
103742,"Know_Nothings"
103743,"Know_Somethings"
103744,"Know_Nothings"
103745,"Know_It_Alls"
103746,"Know_Nothings"
103747,"Know_Somethings"
103748,"Know_It_Alls"
103749,"Know_Somethings"
103750,"Federalists"
103751,"Know_Nothings"
103752,"Know_Nothings"
103753,"Federalists"
103754,"Know_It_Alls"
103755,"Know_It_Alls"
103756,"Know_It_Alls"
103757,"Federalists"
103758,"Know_Nothings"
103759,"Federalists"
103760,"Know_It_Alls"
103761,"Federalists"
103762,"Know_Nothings"
103763,"Know_It_Alls"
103764,"Federalists"
103765,"Know_Nothings"
103766,"Federalists"
103767,"Know_Nothings"
103768,"Federalists"
103769,"Know_It_Alls"
103770,"Know_Nothings"
103771,"Know_Somethings"
103772,"Federalists"
103773,"Know_Somethings"
103774,"Know_Nothings"
103775,"Know_It_Alls"
103776,"Federalists"
103777,"Federalists"
103778,"Federalists"
103779,"Know_Nothings"
103780,"Know_Nothings"
103781,"Know_It_Alls"
103782,"Know_It_Alls"
103783,"Federalists"
103784,"Federalists"
103785,"Know_Somethings"
103786,"Know_Nothings"
103787,"Know_It_Alls"
103788,"Know_It_Alls"
103789,"Federalists"
103790,"Know_Nothings"
103791,"Know_Nothings"
103792,"Know_Nothings"
103793,"Know_Nothings"
103794,"Federalists"
103795,"Know_It_Alls"
103796,"Know_Nothings"
103797,"Know_It_Alls"
103798,"Know_Nothings"
103799,"Know_Somethings"
103800,"Federalists"
103801,"Federalists"
103802,"Federalists"
103803,"Know_Nothings"
103804,"Know_It_Alls"
103805,"Know_Somethings"
103806,"Know_It_Alls"
103807,"Know_It_Alls"
103808,"Federalists"
103809,"Know_It_Alls"
103810,"Know_Somethings"
103811,"Know_Nothings"
103812,"Know_Nothings"
103813,"Federalists"
103814,"Federalists"
103815,"Know_It_Alls"
103816,"Federalists"
103817,"Know_Nothings"
103818,"Federalists"
103819,"Know_It_Alls"
103820,"Know_Nothings"
103821,"Know_It_Alls"
103822,"Know_It_Alls"
103823,"Know_It_Alls"
103824,"Know_Nothings"
103825,"Federalists"
103826,"Know_Nothings"
103827,"Know_It_Alls"
103828,"Know_Somethings"
103829,"Know_Somethings"
103830,"Federalists"
103831,"Federalists"
103832,"Know_Somethings"
103833,"Federalists"
103834,"Federalists"
103835,"Know_Nothings"
103836,"Federalists"
103837,"Know_Nothings"
103838,"Know_Nothings"
103839,"Know_Nothings"
103840,"Federalists"
103841,"Federalists"
103842,"Federalists"
103843,"Federalists"
103844,"Know_It_Alls"
103845,"Know_Somethings"
103846,"Know_Somethings"
103847,"Know_Nothings"
103848,"Know_Nothings"
103849,"Know_Nothings"
103850,"Know_It_Alls"
103851,"Know_Nothings"
103852,"Know_Nothings"
103853,"Know_Somethings"
103854,"Federalists"
103855,"Know_Nothings"
103856,"Know_Nothings"
103857,"Know_It_Alls"
103858,"Federalists"
103859,"Federalists"
103860,"Know_It_Alls"
103861,"Know_Nothings"
103862,"Know_Nothings"
103863,"Know_It_Alls"
103864,"Federalists"
103865,"Know_It_Alls"
103866,"Know_Nothings"
103867,"Know_It_Alls"
103868,"Know_Nothings"
103869,"Federalists"
103870,"Know_Nothings"
103871,"Federalists"
103872,"Know_Nothings"
103873,"Federalists"
103874,"Know_Somethings"
103875,"Federalists"
103876,"Federalists"
103877,"Know_It_Alls"
103878,"Know_Nothings"
103879,"Federalists"
103880,"Know_Nothings"
103881,"Know_Nothings"
103882,"Federalists"
103883,"Know_Nothings"
103884,"Know_It_Alls"
103885,"Know_Nothings"
103886,"Know_It_Alls"
103887,"Know_Somethings"
103888,"Know_It_Alls"
103889,"Federalists"
103890,"Know_It_Alls"
103891,"Federalists"
103892,"Know_Somethings"
103893,"Federalists"
103894,"Know_Nothings"
103895,"Federalists"
103896,"Know_Nothings"
103897,"Federalists"
103898,"Federalists"
103899,"Know_Somethings"
103900,"Federalists"
103901,"Federalists"
103902,"Know_Nothings"
103903,"Know_Nothings"
103904,"Know_It_Alls"
103905,"Know_Nothings"
103906,"Know_Nothings"
103907,"Know_Nothings"
103908,"Federalists"
103909,"Know_Nothings"
103910,"Know_Nothings"
103911,"Know_Nothings"
103912,"Federalists"
103913,"Federalists"
103914,"Know_Nothings"
103915,"Know_Somethings"
103916,"Know_Nothings"
103917,"Federalists"
103918,"Know_It_Alls"
103919,"Federalists"
103920,"Know_It_Alls"
103921,"Federalists"
103922,"Know_It_Alls"
103923,"Know_Nothings"
103924,"Know_Somethings"
103925,"Know_Nothings"
103926,"Know_Nothings"
103927,"Know_Somethings"
103928,"Know_Nothings"
103929,"Know_It_Alls"
103930,"Federalists"
103931,"Know_It_Alls"
103932,"Know_Somethings"
103933,"Know_Nothings"
103934,"Federalists"
103935,"Know_Nothings"
103936,"Federalists"
103937,"Know_Nothings"
103938,"Know_It_Alls"
103939,"Know_Nothings"
103940,"Federalists"
103941,"Federalists"
103942,"Federalists"
103943,"Federalists"
103944,"Know_Nothings"
103945,"Federalists"
103946,"Federalists"
103947,"Know_Nothings"
103948,"Federalists"
103949,"Know_Nothings"
103950,"Federalists"
103951,"Know_Nothings"
103952,"Federalists"
103953,"Know_Nothings"
103954,"Federalists"
103955,"Federalists"
103956,"Know_Somethings"
103957,"Know_Nothings"
103958,"Know_It_Alls"
103959,"Federalists"
103960,"Know_It_Alls"
103961,"Know_Somethings"
103962,"Federalists"
103963,"Federalists"
103964,"Federalists"
103965,"Know_Nothings"
103966,"Know_It_Alls"
103967,"Know_Nothings"
103968,"Federalists"
103969,"Know_It_Alls"
103970,"Know_Nothings"
103971,"Federalists"
103972,"Know_Nothings"
103973,"Know_Nothings"
103974,"Federalists"
103975,"Federalists"
103976,"Know_It_Alls"
103977,"Federalists"
103978,"Know_It_Alls"
103979,"Federalists"
103980,"Know_Somethings"
103981,"Know_Nothings"
103982,"Federalists"
103983,"Know_Nothings"
103984,"Federalists"
103985,"Know_Nothings"
103986,"Know_Nothings"
103987,"Federalists"
103988,"Federalists"
103989,"Know_Somethings"
103990,"Federalists"
103991,"Federalists"
103992,"Know_Somethings"
103993,"Know_Nothings"
103994,"Federalists"
103995,"Know_It_Alls"
103996,"Federalists"
103997,"Know_Nothings"
103998,"Federalists"
103999,"Know_It_Alls"
